rank,name,state_name,state_code,type,degree_length,in_state_total,out_of_state_total,early_career_pay,mid_career_pay,make_world_better_percent,stem_percent,Color,tuition_increase,salary_increase,position
16,Adams State University,Colorado,CO,Public,4 Year,18222,29238,44400,81400,56,3,#CD853F,62%,55%,
14,Adventist University of Health Sciences,Florida,FL,Private,4 Year,19350,19350,51600,89800,88,5,#4169E1,100%,57%,
14,Agnes Scott College,Georgia,GA,Private,4 Year,53490,53490,46000,83600,57,26,#4169E1,100%,55%,
20,Alabama State University,Alabama,AL,Public,4 Year,16490,24818,39800,71500,61,16,#CD853F,66%,56%,
3,Alaska Pacific University,Alaska,AK,Private,4 Year,28130,28130,50300,90000,67,6,#4169E1,100%,56%,
1,Albany College of Pharmacy and Health Sciences,New-York,NY,Private,4 Year,46025,46025,81000,144800,82,2,#4169E1,100%,56%,
18,Albertus Magnus College,Connecticut,CT,Private,4 Year,45260,45260,49700,85900,62,2,#4169E1,100%,58%,
7,Albion College,Michigan,MI,Private,4 Year,58155,58155,52100,99300,44,23,#4169E1,100%,52%,
10,Alcorn State University,Mississippi,MS,Public,4 Year,16752,16752,40900,69500,67,19,#CD853F,100%,59%,
5,Allen College,Iowa,IA,Private,4 Year,27252,27252,51600,91300,NA,0,#4169E1,100%,57%,
15,Alma College,Michigan,MI,Private,4 Year,51256,51256,48400,89900,52,15,#4169E1,100%,54%,
24,Amberton University,Texas,TX,Private,4 Year,12840,12840,52800,93600,57,0,#4169E1,100%,56%,
10,Amherst College,Massachusetts,MA,Private,4 Year,71166,71166,63800,116500,45,32,#4169E1,100%,55%,
24,Amridge University,Alabama,AL,Private,4 Year,6900,6900,35700,65900,NA,0,#4169E1,100%,54%,
21,Andrews University,Michigan,MI,Private,4 Year,41906,41906,47600,85000,51,7,#4169E1,100%,56%,
15,Appalachian State University,North-Carolina,TN,Private,4 Year,15518,30325,46600,82700,47,9,#4169E1,51%,56%,
5,Arizona Christian University,Arizona,AZ,Private,4 Year,37470,37470,42600,76600,NA,7,#4169E1,100%,56%,
13,Arkansas Tech University,Arkansas,AR,Public,4 Year,16938,23718,45000,76900,54,7,#CD853F,71%,59%,
16,Armstrong State University,Georgia,GA,Public,4 Year,17769,31251,46600,81500,60,10,#CD853F,57%,57%,
20,Asbury University,Kentucky,KY,Private,4 Year,37358,37358,39400,70800,59,4,#4169E1,100%,56%,
15,Athens State University,Alabama,AL,Public,4 Year,6810,12870,45000,78800,51,9,#CD853F,53%,57%,
1,Auburn University,Alabama,AL,Public,4 Year,24608,43856,54400,104500,51,31,#CD853F,56%,52%,
13,Auburn University at Montgomery,Alabama,AL,Public,4 Year,17268,29028,45000,79600,61,12,#CD853F,59%,57%,
12,Augsburg University,Minnesota,MN,Private,4 Year,49080,49080,50500,91000,52,11,#4169E1,100%,55%,
13,Augusta University,Georgia,GA,Public,4 Year,20398,39436,47000,84400,69,10,#CD853F,52%,56%,
3,Augustana University,South-Dakota,SD,Private,4 Year,41266,41266,47900,88400,54,18,#4169E1,100%,54%,
20,Austin Peay State University,Tennessee,TN,Public,4 Year,19111,35167,44200,78200,63,10,#CD853F,54%,57%,
17,Avila University,Missouri,MO,Private,4 Year,27100,27100,45900,81200,68,3,#4169E1,100%,57%,
4,Babson College,Massachusetts,MA,Private,4 Year,67416,67416,72000,133800,37,0,#4169E1,100%,54%,
10,Baker University,Kansas,KS,Private,4 Year,38240,38240,47800,84200,55,2,#4169E1,100%,57%,
22,Ball State University,Indiana,IN,Public,4 Year,20130,36702,45600,83700,48,7,#CD853F,55%,54%,
19,Barnard College,New-York,NY,Private,4 Year,72257,72257,59200,109800,57,19,#4169E1,100%,54%,
24,Barry University,Florida,FL,Private,4 Year,40950,40950,47400,84400,66,12,#4169E1,100%,56%,
24,Barton College,North-Carolina,NC,Private,4 Year,41000,41000,42400,77900,62,6,#4169E1,100%,54%,
22,Bastyr University,Washington,WA,Private,4 Year,33756,33756,48400,86300,NA,0,#4169E1,100%,56%,
3,Bates College,Maine,ME,Private,4 Year,69018,69018,59500,111900,50,23,#4169E1,100%,53%,
12,Baylor University,Texas,TX,Private,4 Year,58322,58322,55500,101400,49,16,#4169E1,100%,55%,
7,Belhaven University,Mississippi,MS,Private,4 Year,33800,33800,41200,74300,60,2,#4169E1,100%,55%,
3,Bellarmine University,Kentucky,KY,Private,4 Year,54450,54450,49000,90700,54,11,#4169E1,100%,54%,
18,Bellevue College,Washington,WA,Public,2 Year,4258,9689,50100,88500,56,14,#CD853F,44%,57%,
10,Bellevue University,Nebraska,NE,Private,4 Year,18120,18120,49400,84800,57,23,#4169E1,100%,58%,
6,Bellin College,Wisconsin,WI,Private,4 Year,22178,22178,55800,97600,94,0,#4169E1,100%,57%,
14,Belmont Abbey College,North-Carolina,NC,Private,4 Year,28855,28855,46700,82900,49,7,#4169E1,100%,56%,
17,Belmont University,Tennessee,TN,Private,4 Year,46430,46430,47300,80900,47,3,#4169E1,100%,58%,
17,Beloit College,Wisconsin,WI,Private,4 Year,58870,58870,47400,85700,59,24,#4169E1,100%,55%,
24,Benedict College,South-Carolina,SC,Private,4 Year,22800,22800,38100,67500,61,19,#4169E1,100%,56%,
3,Benedictine College,Kansas,KS,Private,4 Year,39830,39830,48700,91800,69,13,#4169E1,100%,53%,
6,Bennington College,Vermont,VT,Private,4 Year,69970,69970,48800,90000,50,5,#4169E1,100%,54%,
9,Bentley University,Massachusetts,MA,Private,4 Year,66200,66200,66600,116600,36,7,#4169E1,100%,57%,
19,Berea College,Kentucky,KY,Private,4 Year,46754,46754,39500,71600,53,27,#4169E1,100%,55%,
12,Berry College,Georgia,GA,Private,4 Year,49326,49326,44900,84900,44,21,#4169E1,100%,53%,
10,Black Hills State University,South-Dakota,SD,Public,4 Year,15711,18756,40400,72600,51,11,#CD853F,84%,56%,
23,Bloomfield College,New-Jersey,NJ,Private,4 Year,41500,41500,48400,89100,55,17,#4169E1,100%,54%,
15,Bluefield State College,West-Virginia,WV,Public,4 Year,8820,16920,43200,72800,60,3,#CD853F,52%,59%,
4,Boise State University,Idaho,ID,Public,4 Year,18386,34468,50100,86400,55,14,#CD853F,53%,58%,
11,Boston College,Massachusetts,MA,Private,4 Year,69942,69942,63600,115400,43,13,#4169E1,100%,55%,
13,Boston University,Massachusetts,MA,Private,4 Year,69668,69668,61400,113600,43,25,#4169E1,100%,54%,
2,Bowdoin College,Maine,ME,Private,4 Year,68620,68620,61300,112000,54,37,#4169E1,100%,55%,
18,Bowie State University,Maryland,MD,Public,4 Year,19137,29777,50300,89900,65,11,#CD853F,64%,56%,
6,Bradley University,Illinois,IL,Private,4 Year,44380,44380,55600,104900,46,38,#4169E1,100%,53%,
14,Brandeis University,Massachusetts,MA,Private,4 Year,70835,70835,60600,113200,48,29,#4169E1,100%,54%,
10,Brescia University,Kentucky,KY,Private,4 Year,31600,31600,44300,81200,53,7,#4169E1,100%,55%,
1,Brigham Young University-Hawaii,Hawaii,HI,Private,4 Year,12146,12146,51700,93900,57,12,#4169E1,100%,55%,
2,Brigham Young University-Idaho,Idaho,ID,Private,4 Year,8710,8710,53700,93500,59,14,#4169E1,100%,57%,
1,Brown University,Rhode-Island,RI,Private,4 Year,70326,70326,68200,127600,45,43,#4169E1,100%,53%,
2,Bryant University,Rhode-Island,RI,Private,4 Year,59675,59675,60500,108600,37,8,#4169E1,100%,56%,
5,Bucknell University,Pennsylvania,PA,Private,4 Year,69754,69754,66700,122900,40,40,#4169E1,100%,54%,
7,Butler University,Indiana,IN,Private,4 Year,54950,54950,51800,99300,53,9,#4169E1,100%,52%,
3,California Institute of Technology,California,CA,Private,4 Year,67887,67887,84100,151600,53,97,#4169E1,100%,55%,
13,Calvin College,Michigan,MI,Private,4 Year,44800,44800,50200,91100,54,23,#4169E1,100%,55%,
11,Cameron University,Oklahoma,OK,Public,4 Year,11902,21322,43900,81500,54,14,#CD853F,56%,54%,
16,Campbell University,North-Carolina,NC,Private,4 Year,43930,43930,46300,82400,56,8,#4169E1,100%,56%,
24,Campbellsville University,Kentucky,KY,Private,4 Year,33400,33400,37600,66800,50,7,#4169E1,100%,56%,
2,Capitol Technology University,Maryland,MD,Private,4 Year,31136,31136,67400,118400,63,88,#4169E1,100%,57%,
20,Cardinal Stritch University,Wisconsin,WI,Private,4 Year,38438,38438,47000,82500,51,2,#4169E1,100%,57%,
1,Carleton College,Minnesota,MN,Private,4 Year,68844,68844,58800,109900,47,45,#4169E1,100%,54%,
1,Carnegie Mellon University,Pennsylvania,PA,Private,4 Year,69883,69883,75900,136100,45,66,#4169E1,100%,56%,
3,Carroll College,Montana,MT,Private,4 Year,45366,45366,48200,91400,55,25,#4169E1,100%,53%,
16,Carroll University,Wisconsin,WI,Private,4 Year,41402,41402,45600,86500,49,14,#4169E1,100%,53%,
23,Carson-Newman University,Tennessee,TN,Private,4 Year,36710,36710,42700,76500,61,5,#4169E1,100%,56%,
18,Carthage College,Wisconsin,WI,Private,4 Year,55540,55540,48900,85400,48,17,#4169E1,100%,57%,
1,Case Western Reserve University,Ohio,OH,Private,4 Year,64232,64232,66600,117800,44,37,#4169E1,100%,57%,
11,Castleton University,Vermont,VT,Public,4 Year,22912,38920,41700,76200,52,6,#CD853F,59%,55%,
22,Catawba College,North-Carolina,NC,Private,4 Year,41008,41008,42500,78100,58,11,#4169E1,100%,54%,
10,Centenary College of Louisiana,Louisiana,LA,Private,4 Year,49980,49980,47000,88400,37,26,#4169E1,100%,53%,
18,Central Baptist College,Arkansas,AR,Private,4 Year,23700,23700,36900,68000,NA,3,#4169E1,100%,54%,
25,Central Christian College of Kansas,Kansas,KS,Private,4 Year,34960,34960,37100,66100,NA,2,#4169E1,100%,56%,
9,Central College,Iowa,IA,Private,4 Year,47575,47575,49000,88800,55,36,#4169E1,100%,55%,
12,Central Connecticut State University,Connecticut,CT,Public,4 Year,22792,34032,53100,93700,45,15,#CD853F,67%,57%,
23,Central Michigan University,Michigan,MI,Public,4 Year,23036,23036,47700,83600,46,13,#CD853F,100%,57%,
14,Central Washington University,Washington,WA,Public,4 Year,19187,34168,52700,93200,47,13,#CD853F,56%,57%,
4,Centre College,Kentucky,KY,Private,4 Year,52180,52180,49500,88500,52,22,#4169E1,100%,56%,
16,Chadron State College,Nebraska,NE,Public,4 Year,14576,14576,42300,76700,66,3,#CD853F,100%,55%,
4,Chaminade University of Honolulu,Hawaii,HI,Private,4 Year,39004,39004,45400,84000,55,3,#4169E1,100%,54%,
7,Champlain College,Vermont,VT,Private,4 Year,56364,56364,51100,88400,39,14,#4169E1,100%,58%,
5,Charles R Drew University of Medicine and Science,California,CA,Private,4 Year,17440,17440,78300,135700,NA,3,#4169E1,100%,58%,
17,Charleston Southern University,South-Carolina,SC,Private,4 Year,35700,35700,42800,76300,65,9,#4169E1,100%,56%,
18,Charter Oak State College,Connecticut,CT,Public,4 Year,10161,13101,49200,85900,68,2,#CD853F,78%,57%,
4,Christian Brothers University,Tennessee,TN,Private,4 Year,40220,40220,51500,96500,60,14,#4169E1,100%,53%,
17,Christopher Newport University,Virginia,VA,Public,4 Year,26214,38680,50800,87200,55,25,#CD853F,68%,58%,
9,Claremont McKenna College,California,CA,Private,4 Year,71110,71110,68500,125400,43,16,#4169E1,100%,55%,
18,Clark Atlanta University,Georgia,GA,Private,4 Year,32960,32960,46300,81100,54,15,#4169E1,100%,57%,
24,Clark College,Washington,WA,Public,2 Year,4287,9718,43500,78400,NA,9,#CD853F,44%,55%,
23,Clark University,Massachusetts,MA,Private,4 Year,54900,54900,52600,101400,47,14,#4169E1,100%,52%,
20,Clarke University,Iowa,IA,Private,4 Year,42950,42950,44900,80200,52,6,#4169E1,100%,56%,
4,Clarkson College,Nebraska,NE,Private,4 Year,22318,22318,50900,91500,74,0,#4169E1,100%,56%,
8,Clarkson University,New-York,NY,Private,4 Year,64352,64352,66400,130100,58,58,#4169E1,100%,51%,
22,Cleary University,Michigan,MI,Private,4 Year,29850,29850,47400,84700,50,0,#4169E1,100%,56%,
2,Clemson University,South-Carolina,SC,Public,4 Year,25802,47556,57500,106700,50,39,#CD853F,54%,54%,
21,Cleveland State University,Ohio,OH,Public,4 Year,24185,28552,48300,88600,51,20,#CD853F,85%,55%,
13,Coastal Carolina University,South-Carolina,IA,Public,2 Year,4860,6870,44700,77600,48,14,#CD853F,71%,58%,
13,Coe College,Iowa,IA,Private,4 Year,54480,54480,47200,86900,41,24,#4169E1,100%,54%,
4,Colby College,Maine,ME,Private,4 Year,69400,69400,59200,103300,50,25,#4169E1,100%,57%,
9,Colby-Sawyer College,New-Hampshire,NH,Private,4 Year,56662,56662,46400,83700,43,7,#4169E1,100%,55%,
7,Colgate University,New-York,NY,Private,4 Year,69865,69865,68400,130600,41,26,#4169E1,100%,52%,
16,College for Creative Studies,Michigan,MI,Private,4 Year,52910,52910,51200,89800,40,0,#4169E1,100%,57%,
8,College of Charleston,South-Carolina,SC,Public,4 Year,24904,44086,47300,85100,44,20,#CD853F,56%,56%,
14,College of Saint Mary,Nebraska,NE,Private,4 Year,28050,28050,43900,77700,45,9,#4169E1,100%,56%,
12,College of the Holy Cross,Massachusetts,MA,Private,4 Year,67290,67290,61800,114600,46,24,#4169E1,100%,54%,
5,College of William and Mary,Virginia,VA,Public,4 Year,35636,56937,59000,108900,42,21,#CD853F,63%,54%,
17,Colorado Christian University,Colorado,CO,Private,4 Year,43712,43712,46800,80100,70,2,#4169E1,100%,58%,
5,Colorado College,Colorado,CO,Private,4 Year,67982,67982,53100,97900,48,23,#4169E1,100%,54%,
14,Colorado Mesa University,Colorado,CO,Public,4 Year,20168,33365,47800,81500,55,7,#CD853F,60%,59%,
1,Colorado School of Mines,Colorado,CO,Public,4 Year,32133,51753,75600,139600,60,93,#CD853F,62%,54%,
25,Columbia International University,South-Carolina,SC,Private,4 Year,27400,27400,36600,66200,62,0,#4169E1,100%,55%,
25,Columbus State University,Georgia,GA,Public,4 Year,17080,30562,43300,77900,59,10,#CD853F,56%,56%,
13,Concord University,West-Virginia,WV,Public,4 Year,16884,26308,41700,75800,53,9,#CD853F,64%,55%,
8,Connecticut College,Connecticut,CT,Private,4 Year,69970,69970,57500,100800,36,30,#4169E1,100%,57%,
21,Converse College,South-Carolina,SC,Private,4 Year,29620,29620,39000,71000,60,8,#4169E1,100%,55%,
11,Cooper Union for the Advancement of Science and Art,New-York,NY,Private,4 Year,63338,63338,68500,126200,46,56,#4169E1,100%,54%,
21,Corban University,Oregon,OR,Private,4 Year,43268,43268,42500,77300,63,1,#4169E1,100%,55%,
6,Cornell College,Iowa,IA,Private,4 Year,51683,51683,49600,90600,47,22,#4169E1,100%,55%,
9,Cornell University,New-York,NY,Private,4 Year,70004,70004,70100,128200,45,43,#4169E1,100%,55%,
21,Cornish College of the Arts,Washington,WA,Private,4 Year,54042,54042,49000,86400,39,0,#4169E1,100%,57%,
24,Covenant College,Georgia,GA,Private,4 Year,44590,44590,44400,79400,62,19,#4169E1,100%,56%,
2,Creighton University,Nebraska,NE,Private,4 Year,50952,50952,53500,95800,56,9,#4169E1,100%,56%,
16,Cumberland University,Tennessee,TN,Private,4 Year,32180,32180,45500,81000,61,3,#4169E1,100%,56%,
5,Dakota State University,South-Dakota,SD,Public,4 Year,16149,19122,48400,84300,49,53,#CD853F,84%,57%,
9,Dakota Wesleyan University,South-Dakota,SD,Private,4 Year,34650,34650,41800,75700,52,10,#4169E1,100%,55%,
1,Dartmouth College,New-Hampshire,NH,Private,4 Year,71209,71209,71500,130900,44,35,#4169E1,100%,55%,
3,Davidson College,North-Carolina,NC,Private,4 Year,65819,65819,57300,106900,50,28,#4169E1,100%,54%,
3,Delaware State University,Delaware,DE,Public,4 Year,20058,29094,46300,81900,62,10,#CD853F,69%,57%,
8,Delta State University,Mississippi,MS,Public,4 Year,14968,14968,40800,74200,63,5,#CD853F,100%,55%,
5,Denison University,Ohio,OH,Private,4 Year,64670,64670,54400,104800,45,22,#4169E1,100%,52%,
8,DePaul University,Illinois,IL,Private,4 Year,54210,54210,55700,102900,43,15,#4169E1,100%,54%,
5,DePauw University,Indiana,IN,Private,4 Year,62724,62724,56600,101000,47,24,#4169E1,100%,56%,
21,Dickinson College,Pennsylvania,PA,Private,4 Year,68359,68359,55800,100100,46,25,#4169E1,100%,56%,
5,Dickinson State University,North-Dakota,ND,Public,4 Year,13663,16442,46400,81200,55,8,#CD853F,83%,57%,
17,Dillard University,Louisiana,LA,Private,4 Year,28199,28199,44700,79800,74,20,#4169E1,100%,56%,
8,Dordt College,Iowa,IA,Private,4 Year,40460,40460,51000,89600,57,17,#4169E1,100%,57%,
2,Drake University,Iowa,IA,Private,4 Year,51924,51924,52800,99900,49,7,#4169E1,100%,53%,
16,Drew University,New-Jersey,NJ,Private,4 Year,53608,53608,52800,95000,37,16,#4169E1,100%,56%,
9,Drexel University,Pennsylvania,PA,Private,4 Year,67358,67358,61700,114800,47,28,#4169E1,100%,54%,
19,Drury University,Missouri,MO,Private,4 Year,36461,36461,42600,79400,60,12,#4169E1,100%,54%,
1,Duke University,North-Carolina,NC,Private,4 Year,70873,70873,71100,132100,50,26,#4169E1,100%,54%,
13,Earlham College,Indiana,IN,Private,4 Year,56850,56850,49100,88400,57,31,#4169E1,100%,56%,
11,East Carolina University,North-Carolina,NC,Public,4 Year,16794,33071,48400,85400,55,11,#CD853F,51%,57%,
17,East Central University,Oklahoma,OK,Public,4 Year,12324,23214,44700,77500,66,9,#CD853F,53%,58%,
22,East Tennessee State University,Tennessee,TN,Public,4 Year,17749,36931,43700,77300,57,8,#CD853F,48%,57%,
17,Eastern Connecticut State University,Connecticut,CT,Public,4 Year,24916,36156,49200,87800,43,14,#CD853F,69%,56%,
11,Eastern Kentucky University,Kentucky,KY,Public,4 Year,18314,28092,45600,80700,56,5,#CD853F,65%,57%,
18,Eastern Michigan University,Michigan,MI,Public,4 Year,23813,23813,47300,86700,50,6,#CD853F,100%,55%,
23,Eastern Oregon University,Oregon,OR,Public,4 Year,18719,30779,44000,73900,56,5,#CD853F,61%,60%,
20,Eastern Washington University,Washington,WA,Public,4 Year,20116,37237,49500,87500,52,17,#CD853F,54%,57%,
17,Eckerd College,Florida,FL,Private,4 Year,57128,57128,49200,88400,52,25,#4169E1,100%,56%,
15,Edgewood College,Wisconsin,WI,Private,4 Year,40520,40520,49500,87500,54,5,#4169E1,100%,57%,
6,Elon University,North-Carolina,NC,Private,4 Year,47549,47549,53600,93700,43,7,#4169E1,100%,57%,
2,Emory University,Georgia,GA,Private,4 Year,28428,28428,62000,110800,44,20,#4169E1,100%,56%,
19,Emporia State University,Kansas,MA,Private,4 Year,54798,54798,43500,78000,60,9,#4169E1,100%,56%,
12,Erskine College,South-Carolina,GA,Private,4 Year,65762,65762,43500,78000,57,28,#4169E1,100%,56%,
4,Fairfield University,Connecticut,KS,Public,4 Year,15670,29587,62300,116900,41,17,#CD853F,53%,53%,
9,Fairleigh Dickinson University-Florham Campus,New-Jersey,SC,Private,4 Year,45460,45460,53700,98500,42,6,#4169E1,100%,55%,
9,Fairleigh Dickinson University-Florham Campus,New-Jersey,CT,Private,4 Year,63060,63060,53700,98500,42,6,#4169E1,100%,55%,
14,Fairmont State University,West-Virginia,WV,Public,4 Year,16518,25328,42900,74100,53,7,#CD853F,65%,58%,
21,Faulkner University,Alabama,AL,Private,4 Year,29440,29440,39400,71300,61,2,#4169E1,100%,55%,
11,Felician University,New-Jersey,NJ,Private,4 Year,47195,47195,53200,98200,51,10,#4169E1,100%,54%,
17,Ferris State University,Michigan,MI,Public,4 Year,22524,22524,50000,89300,50,8,#CD853F,100%,56%,
25,Ferrum College,Virginia,VA,Private,4 Year,45675,45675,43000,80600,54,6,#4169E1,100%,53%,
11,Fisk University,Tennessee,TN,Private,4 Year,32270,32270,45300,83600,53,39,#4169E1,100%,54%,
25,Florida Agricultural and Mechanical University,Florida,FL,Public,4 Year,16421,28362,48000,83900,62,8,#CD853F,58%,57%,
11,Florida Atlantic University,Florida,FL,Public,4 Year,17935,33491,49400,91200,51,15,#CD853F,54%,54%,
3,Florida Institute of Technology,Florida,FL,Private,4 Year,54730,54730,58300,105400,53,48,#4169E1,100%,55%,
13,Florida International University,Florida,FL,Public,4 Year,17440,29838,49600,90100,51,16,#CD853F,58%,55%,
8,Florida State University,Florida,FL,Public,4 Year,17332,32499,50800,92700,49,18,#CD853F,53%,55%,
17,Fordham University,New-York,NY,Private,4 Year,70656,70656,58700,112500,38,10,#4169E1,100%,52%,
16,Fort Hays State University,Kansas,KS,Public,4 Year,13433,23501,45100,79300,64,6,#CD853F,57%,57%,
13,Fort Lewis College,Colorado,CO,Public,4 Year,18918,29574,48300,82600,55,19,#CD853F,64%,58%,
13,Francis Marion University,South-Carolina,SC,Public,4 Year,19108,29492,42900,77600,58,18,#CD853F,65%,55%,
16,Franklin College,Indiana,IN,Private,4 Year,41956,41956,48900,86200,45,21,#4169E1,100%,57%,
7,Franklin Pierce University,New-Hampshire,NH,Private,4 Year,50245,50245,47800,85600,52,3,#4169E1,100%,56%,
20,Freed-Hardeman University,Tennessee,TN,Private,4 Year,30210,30210,43700,78200,54,9,#4169E1,100%,56%,
21,Friends University,Kansas,KS,Private,4 Year,36387,36387,44700,76500,59,14,#4169E1,100%,58%,
21,Frostburg State University,Maryland,MD,Public,4 Year,19374,33094,49600,87000,48,19,#CD853F,59%,57%,
13,George Fox University,Oregon,OR,Private,4 Year,47270,47270,51200,89600,52,8,#4169E1,100%,57%,
8,George Mason University,Virginia,VA,Public,4 Year,23922,47382,58900,105700,48,23,#CD853F,50%,56%,
9,Georgetown College,Kentucky,KY,Private,4 Year,48430,48430,45000,81900,54,10,#4169E1,100%,55%,
8,Georgia Southern University,Georgia,GA,Public,4 Year,17492,30974,49000,88000,49,17,#CD853F,56%,56%,
7,Georgia State University,Georgia,GA,Public,4 Year,22236,40810,50600,90800,47,18,#CD853F,54%,56%,
12,Gettysburg College,Pennsylvania,PA,Private,4 Year,67490,67490,58400,109300,39,24,#4169E1,100%,53%,
17,Glenville State College,West-Virginia,WV,Public,4 Year,7327,16565,37400,67700,60,3,#CD853F,44%,55%,
10,Goddard College,Vermont,VT,Private,4 Year,18284,18284,42700,76900,NA,0,#4169E1,100%,56%,
2,Goldey-Beacom College,Delaware,DE,Private,4 Year,30700,30700,49800,86900,42,25,#4169E1,100%,57%,
4,Gonzaga University,Washington,WA,Private,4 Year,55154,55154,57800,107600,51,19,#4169E1,100%,54%,
17,Goucher College,Maryland,MD,Private,4 Year,58806,58806,49400,90600,42,11,#4169E1,100%,55%,
21,Grambling State University,Louisiana,LA,Public,4 Year,14627,23650,43100,73100,66,10,#CD853F,62%,59%,
13,Granite State College,New-Hampshire,NH,Public,4 Year,9645,10875,43500,76900,67,3,#CD853F,89%,57%,
12,Green Mountain College,Vermont,VT,Private,4 Year,48724,48724,42000,75200,57,2,#4169E1,100%,56%,
4,Grinnell College,Iowa,IA,Private,4 Year,65202,65202,53400,96500,49,41,#4169E1,100%,55%,
24,Grove City College,Pennsylvania,PA,Private,4 Year,27700,27700,54400,98400,53,29,#4169E1,100%,55%,
7,Gustavus Adolphus College,Minnesota,MN,Private,4 Year,55310,55310,51200,96800,47,22,#4169E1,100%,53%,
23,Hamilton College,New-York,NY,Private,4 Year,68490,68490,62600,108100,45,25,#4169E1,100%,58%,
14,Hamline University,Minnesota,MN,Private,4 Year,51656,51656,48100,90400,52,5,#4169E1,100%,53%,
6,Hampden-Sydney College,Virginia,VA,Private,4 Year,59304,59304,58300,108600,52,20,#4169E1,100%,54%,
13,Hampton University,Virginia,VA,Private,4 Year,38480,38480,52700,92600,61,12,#4169E1,100%,57%,
18,Hanover College,Indiana,IN,Private,4 Year,49250,49250,47500,85100,53,24,#4169E1,100%,56%,
4,Harding University,Arkansas,AR,Private,4 Year,27179,27179,49200,88600,47,10,#4169E1,100%,56%,
1,Harvey Mudd College,California,CA,Private,4 Year,75003,75003,88800,158200,55,85,#4169E1,100%,56%,
8,Hastings College,Nebraska,NE,Private,4 Year,39750,39750,48600,87100,55,14,#4169E1,100%,56%,
10,Haverford College,Pennsylvania,PA,Private,4 Year,70994,70994,59300,112300,47,36,#4169E1,100%,53%,
2,Hawaii Pacific University,Hawaii,HI,Private,4 Year,40780,40780,52200,93500,56,15,#4169E1,100%,56%,
10,Henderson State University,Arkansas,AR,Public,4 Year,15940,17590,42900,79800,57,5,#CD853F,91%,54%,
2,Hendrix College,Arkansas,AR,Private,4 Year,58074,58074,48100,90300,58,33,#4169E1,100%,53%,
25,Heritage University,Washington,WA,Private,4 Year,18124,18124,41100,73600,NA,17,#4169E1,100%,56%,
12,High Point University,North-Carolina,NC,Private,4 Year,49248,49248,48600,84300,50,8,#4169E1,100%,58%,
18,Hofstra University,New-York,NY,Private,4 Year,62708,62708,57300,110400,38,7,#4169E1,100%,52%,
15,Holy Cross College,Indiana,IN,Private,4 Year,42320,42320,48100,87800,NA,0,#4169E1,100%,55%,
25,Hood College,Maryland,MD,Private,4 Year,52192,52192,47900,82600,49,32,#4169E1,100%,58%,
14,Hope College,Michigan,MI,Private,4 Year,44320,44320,49200,90900,51,18,#4169E1,100%,54%,
14,Huntingdon College,Alabama,AL,Private,4 Year,37150,37150,42400,78900,69,14,#4169E1,100%,54%,
10,Husson University,Maine,ME,Private,4 Year,28010,28010,43300,77600,52,1,#4169E1,100%,56%,
3,Idaho State University,Idaho,ID,Public,4 Year,14627,30147,50800,91800,64,12,#CD853F,49%,55%,
1,Illinois Institute of Technology,Illinois,IL,Private,4 Year,60058,60058,64600,118500,47,64,#4169E1,100%,55%,
16,Illinois State University,Illinois,IL,Public,4 Year,24366,35890,51200,95000,47,10,#CD853F,68%,54%,
12,Illinois Wesleyan University,Illinois,IL,Private,4 Year,58620,58620,53100,96000,44,18,#4169E1,100%,55%,
19,Indiana Institute of Technology,Indiana,IN,Private,4 Year,36920,36920,50000,84900,46,11,#4169E1,100%,59%,
17,Indiana State University,Indiana,IN,Public,4 Year,19680,30426,47900,85600,55,8,#CD853F,65%,56%,
1,Iowa State University,Iowa,IA,Public,4 Year,17708,32112,56100,101300,48,31,#CD853F,55%,55%,
6,Jackson State University,Mississippi,MS,Public,4 Year,17778,29006,41700,74600,67,16,#CD853F,61%,56%,
12,Jacksonville State University,Alabama,AL,Public,4 Year,18525,28245,43800,80000,61,7,#CD853F,66%,55%,
12,Jacksonville University,Florida,FL,Private,4 Year,50750,50750,50100,90400,66,5,#4169E1,100%,55%,
9,James Madison University,Virginia,VA,Public,4 Year,22108,38508,57400,102600,42,12,#CD853F,57%,56%,
11,Jefferson College of Health Sciences,Virginia,VA,Private,4 Year,32756,32756,55500,97600,86,1,#4169E1,100%,57%,
5,John Brown University,Arkansas,AR,Private,4 Year,36152,36152,47000,82700,53,9,#4169E1,100%,57%,
11,John Carroll University,Ohio,OH,Private,4 Year,53214,53214,51600,97300,39,16,#4169E1,100%,53%,
18,John Wesley University,North-Carolina,NC,Private,4 Year,16930,16930,45100,82100,NA,0,#4169E1,100%,55%,
3,Johns Hopkins University,Maryland,MD,Private,4 Year,70076,70076,67200,117100,57,31,#4169E1,100%,57%,
23,Judson College,Alabama,AL,Private,4 Year,29100,29100,37900,67600,65,13,#4169E1,100%,56%,
8,Kalamazoo College,Michigan,MI,Private,4 Year,58272,58272,51600,94500,52,31,#4169E1,100%,55%,
22,Kansas City Art Institute,Missouri,MO,Private,4 Year,48800,48800,42500,77700,37,0,#4169E1,100%,55%,
2,Kansas State University,Kansas,KS,Public,4 Year,19943,35447,52500,97200,51,18,#CD853F,56%,54%,
15,Kansas Wesleyan University,Kansas,KS,Private,4 Year,39000,39000,44700,79400,61,10,#4169E1,100%,56%,
22,Kean University,New-Jersey,NJ,Public,4 Year,26818,33853,48200,90000,51,10,#CD853F,79%,54%,
10,Keene State College,New-Hampshire,NH,Public,4 Year,25238,34202,48900,83600,49,8,#CD853F,74%,58%,
5,Kennesaw State University,Georgia,GA,Public,4 Year,18899,32625,52500,94600,46,22,#CD853F,58%,55%,
22,Kentucky Christian University,Kentucky,KY,Private,4 Year,28090,28090,39600,70300,68,3,#4169E1,100%,56%,
18,Kentucky State University,Kentucky,KY,Public,4 Year,14780,26080,40700,73100,57,13,#CD853F,57%,56%,
14,Kentucky Wesleyan College,Kentucky,KY,Private,4 Year,36204,36204,42100,76800,65,14,#4169E1,100%,55%,
7,Kenyon College,Ohio,OH,Private,4 Year,68440,68440,55000,103800,50,17,#4169E1,100%,53%,
14,Kettering College,Ohio,OH,Private,4 Year,20300,20300,54300,95800,NA,0,#4169E1,100%,57%,
1,Kettering University,Michigan,MI,Private,4 Year,51730,51730,69900,125000,44,74,#4169E1,100%,56%,
15,Knox College,Illinois,IL,Private,4 Year,56424,56424,50600,95400,45,24,#4169E1,100%,53%,
15,La Salle University,Pennsylvania,PA,Private,4 Year,45640,45640,55800,104800,40,5,#4169E1,100%,53%,
6,Lafayette College,Pennsylvania,PA,Private,4 Year,68520,68520,66500,122500,37,47,#4169E1,100%,54%,
9,Lake Forest College,Illinois,IL,Private,4 Year,57454,57454,55400,102600,46,21,#4169E1,100%,54%,
24,Lake Superior State University,Michigan,MI,Public,4 Year,21972,21972,45900,83500,48,14,#CD853F,100%,55%,
18,Lakeview College of Nursing,Illinois,IL,Private,4 Year,16320,16320,55000,94100,83,0,#4169E1,100%,58%,
13,Lamar University,Texas,TX,Public,4 Year,19112,31562,53300,101200,57,16,#CD853F,61%,53%,
15,Lander University,South-Carolina,SC,Public,4 Year,20800,30400,42600,77100,54,9,#CD853F,68%,55%,
11,Langston University,Oklahoma,OK,Public,4 Year,15426,22776,46500,81500,66,8,#CD853F,68%,57%,
4,Lawrence Technological University,Michigan,MI,Private,4 Year,43520,43520,57900,108400,49,60,#4169E1,100%,53%,
5,Lawrence University,Wisconsin,WI,Private,4 Year,57816,57816,51500,98800,58,25,#4169E1,100%,52%,
2,Lehigh University,Pennsylvania,PA,Private,4 Year,66530,66530,69500,134100,45,52,#4169E1,100%,52%,
10,Lenoir-Rhyne University,North-Carolina,NC,Private,4 Year,48910,48910,46400,86300,54,7,#4169E1,100%,54%,
18,LeTourneau University,Texas,TX,Private,4 Year,40180,40180,56600,98900,53,21,#4169E1,100%,57%,
10,Lewis & Clark College,Oregon,OR,Private,4 Year,63424,63424,50000,93200,51,12,#4169E1,100%,54%,
25,Lewis University,Illinois,IL,Private,4 Year,43028,43028,49700,89800,53,14,#4169E1,100%,55%,
7,Lewis-Clark State College,Idaho,ID,Public,4 Year,14198,26816,44900,77600,60,5,#CD853F,53%,58%,
16,Limestone College,South-Carolina,SC,Private,4 Year,35765,35765,42100,76500,57,10,#4169E1,100%,55%,
21,Lindenwood University,Missouri,MO,Private,4 Year,26600,26600,45100,78500,48,9,#4169E1,100%,57%,
25,Lindsey Wilson College,Kentucky,KY,Private,4 Year,34235,34235,35300,64100,52,2,#4169E1,100%,55%,
9,Lipscomb University,Tennessee,TN,Private,4 Year,44796,44796,49000,84800,59,12,#4169E1,100%,58%,
21,Longwood University,Virginia,VA,Public,4 Year,25086,41046,47300,83300,54,9,#CD853F,61%,57%,
7,Loras College,Iowa,IA,Private,4 Year,42459,42459,48000,90100,56,14,#4169E1,100%,53%,
17,Louisiana College,Louisiana,LA,Private,4 Year,22618,22618,44800,79800,58,4,#4169E1,100%,56%,
3,Louisiana Tech University,Louisiana,LA,Public,4 Year,16140,25053,53100,100700,57,24,#CD853F,64%,53%,
18,Loyola Marymount University,California,CA,Private,4 Year,63012,63012,58500,113300,39,9,#4169E1,100%,52%,
12,Loyola University Chicago,Illinois,IL,Private,4 Year,58528,58528,53400,96000,45,15,#4169E1,100%,56%,
5,Loyola University Maryland,Maryland,MD,Private,4 Year,63515,63515,59900,111200,40,8,#4169E1,100%,54%,
9,Loyola University New Orleans,Louisiana,LA,Private,4 Year,53072,53072,47900,88600,47,4,#4169E1,100%,54%,
14,Luther College,Iowa,IA,Private,4 Year,51750,51750,48200,85900,49,21,#4169E1,100%,56%,
13,Lyndon State College,Vermont,VT,Public,4 Year,22672,35992,41500,75100,49,8,#CD853F,63%,55%,
22,Lynn University,Florida,FL,Private,4 Year,50380,50380,46100,85000,45,2,#4169E1,100%,54%,
15,Lyon College,Arkansas,AR,Private,4 Year,37920,37920,41200,74300,53,33,#4169E1,100%,55%,
6,Macalester College,Minnesota,MN,Private,4 Year,66500,66500,53600,100400,51,31,#4169E1,100%,53%,
16,Maharishi University of Management,Iowa,IA,Private,4 Year,23930,23930,46800,85200,NA,65,#4169E1,100%,55%,
17,Maine College of Art,Maine,ME,Private,4 Year,46890,46890,36300,64600,37,0,#4169E1,100%,56%,
1,Maine Maritime Academy,Maine,ME,Public,4 Year,23788,37408,67000,121800,65,48,#CD853F,64%,55%,
20,Manchester University,Indiana,IN,Private,4 Year,42338,42338,46900,84700,56,10,#4169E1,100%,55%,
24,Manhattan Christian College,Kansas,KS,Private,4 Year,24942,24942,39400,72200,NA,0,#4169E1,100%,55%,
12,Manhattan College,New-York,NY,Private,4 Year,59680,59680,64000,125700,46,40,#4169E1,100%,51%,
15,Marietta College,Ohio,OH,Private,4 Year,47360,47360,51200,94300,57,45,#4169E1,100%,54%,
2,Marquette University,Wisconsin,WI,Private,4 Year,54590,54590,57800,105900,52,25,#4169E1,100%,55%,
9,Marshall University,West-Virginia,WV,Public,4 Year,18578,29064,45000,79700,50,12,#CD853F,64%,56%,
24,Maryland Institute College of Art,Maryland,MD,Private,4 Year,61910,61910,49000,84500,40,0,#4169E1,100%,58%,
19,Marylhurst University,Oregon,OR,Private,4 Year,20835,20835,46200,79800,63,0,#4169E1,100%,58%,
12,Marymount University,Virginia,VA,Private,4 Year,44656,44656,52300,93100,44,15,#4169E1,100%,56%,
24,Maryville College,Tennessee,TN,Private,4 Year,46304,46304,42800,75300,68,16,#4169E1,100%,57%,
18,Maryville University of Saint Louis,Missouri,MO,Private,4 Year,38558,38558,46800,80100,53,2,#4169E1,100%,58%,
1,Massachusetts Institute of Technology,Massachusetts,MA,Private,4 Year,67342,67342,86300,155200,52,69,#4169E1,100%,56%,
8,Massachusetts Maritime Academy,Massachusetts,MA,Public,4 Year,22399,38777,67900,117500,53,47,#CD853F,58%,58%,
4,Mayville State University,North-Dakota,ND,Public,4 Year,14506,17239,43700,81300,44,10,#CD853F,84%,54%,
12,McDaniel College,Maryland,MD,Private,4 Year,54690,54690,51100,94600,54,6,#4169E1,100%,54%,
11,McNeese State University,Louisiana,LA,Public,4 Year,16563,27638,50200,88200,57,13,#CD853F,60%,57%,
14,McPherson College,Kansas,KS,Private,4 Year,37739,37739,44500,80900,59,9,#4169E1,100%,55%,
6,MCPHS University,Massachusetts,MA,Private,4 Year,49105,49105,65900,121800,71,2,#4169E1,100%,54%,
5,Medical University of South Carolina,South-Carolina,SC,Public,4 Year,26826,26826,54800,92700,88,6,#CD853F,100%,59%,
20,Menlo College,California,CA,Private,4 Year,57025,57025,61900,112400,59,0,#4169E1,100%,55%,
11,Mercer University,Georgia,GA,Private,4 Year,48510,48510,48500,85100,62,14,#4169E1,100%,57%,
22,Merrimack College,Massachusetts,MA,Private,4 Year,57605,57605,56000,102500,50,13,#4169E1,100%,55%,
23,Methodist College,Illinois,IL,Private,4 Year,28240,28240,51400,90500,NA,0,#4169E1,100%,57%,
19,Methodist University,North-Carolina,NC,Private,4 Year,46736,46736,45800,80500,58,9,#4169E1,100%,57%,
20,Metropolitan State University,Minnesota,MN,Public,4 Year,7879,14980,50200,85900,53,11,#CD853F,53%,58%,
11,Metropolitan State University of Denver,Colorado,CO,Public,4 Year,7665,20847,49400,87200,51,11,#CD853F,37%,57%,
5,Michigan State University,Michigan,MI,Public,4 Year,24782,50087,55300,100800,46,20,#CD853F,49%,55%,
2,Michigan Technological University,Michigan,MI,Public,4 Year,26402,44482,65000,116300,47,81,#CD853F,59%,56%,
21,Mid-America Christian University,Oklahoma,OK,Private,4 Year,26370,26370,40700,74100,71,0,#4169E1,100%,55%,
18,MidAmerica Nazarene University,Kansas,KS,Private,4 Year,39444,39444,46200,78500,60,1,#4169E1,100%,59%,
23,Middle Georgia State University,Georgia,GA,Public,4 Year,13688,22648,44000,79800,57,11,#CD853F,60%,55%,
15,Middle Tennessee State University,Tennessee,TN,Public,4 Year,18642,37800,46500,81100,52,9,#CD853F,49%,57%,
1,Middlebury College,Vermont,VT,Private,4 Year,69980,69980,60400,109800,54,19,#4169E1,100%,55%,
13,Midland University,Nebraska,NE,Private,4 Year,41334,41334,43800,78100,60,7,#4169E1,100%,56%,
22,Midway University,Kentucky,KY,Private,4 Year,33130,33130,39200,70300,53,3,#4169E1,100%,56%,
25,Miles College,Alabama,AL,Private,4 Year,18646,18646,34800,65100,64,19,#4169E1,100%,53%,
25,Milligan College,Tennessee,TN,Private,4 Year,40800,40800,41200,74900,63,5,#4169E1,100%,55%,
3,Millsaps College,Mississippi,MS,Private,4 Year,53640,53640,49300,88700,56,24,#4169E1,100%,56%,
1,Milwaukee School of Engineering,Wisconsin,WI,Private,4 Year,51138,51138,65700,117600,50,69,#4169E1,100%,56%,
24,Minneapolis College of Art and Design,Minnesota,MN,Private,4 Year,44820,44820,47400,84700,39,0,#4169E1,100%,56%,
7,Minot State University,North-Dakota,ND,Public,4 Year,13674,13674,44500,74100,55,7,#CD853F,100%,60%,
5,Mississippi College,Mississippi,MS,Private,4 Year,28326,28326,45200,79500,57,20,#4169E1,100%,57%,
1,Mississippi State University,Mississippi,MS,Public,4 Year,18850,33450,51100,94100,57,27,#CD853F,56%,54%,
10,Mississippi University for Women,Mississippi,MS,Public,4 Year,14464,14464,39500,69500,63,2,#CD853F,100%,57%,
14,Mississippi Valley State University,Mississippi,MS,Public,4 Year,14613,14613,32500,61900,70,11,#CD853F,100%,53%,
1,Missouri University of Science and Technology,Missouri,MO,Public,4 Year,20443,38773,67300,122600,50,80,#CD853F,53%,55%,
22,Missouri Western State University,Missouri,MO,Public,4 Year,6466,14137,43400,77700,53,14,#CD853F,46%,56%,
18,Monmouth University,New-Jersey,NJ,Private,4 Year,52119,52119,52200,93200,44,13,#4169E1,100%,56%,
2,Montana State University,Montana,MT,Public,4 Year,17521,34949,53700,96200,54,31,#CD853F,50%,56%,
1,Montana Tech of the University of Montana,Montana,MT,Public,4 Year,17067,32230,61200,112600,64,61,#CD853F,53%,54%,
14,Montclair State University,New-Jersey,NJ,Public,4 Year,28354,36142,50800,95400,42,9,#CD853F,78%,53%,
16,Morehead State University,Kentucky,KY,Public,4 Year,19130,23606,41300,74900,56,9,#CD853F,81%,55%,
4,Morehouse College,Georgia,GA,Private,4 Year,41012,41012,55700,98700,58,26,#4169E1,100%,56%,
19,Morningside College,Iowa,IA,Private,4 Year,41140,41140,44900,82100,60,6,#4169E1,100%,55%,
8,Mount Carmel College of Nursing,Ohio,OH,Private,4 Year,18907,18907,56600,99700,78,0,#4169E1,100%,57%,
8,Mount Marty College,South-Dakota,SD,Private,4 Year,35262,35262,41400,76500,67,5,#4169E1,100%,54%,
22,Mount Mercy University,Iowa,IA,Private,4 Year,41332,41332,47200,79000,51,4,#4169E1,100%,60%,
13,Mount St. Mary's University,Maryland,MD,Private,4 Year,54425,54425,50200,94100,50,11,#4169E1,100%,53%,
17,Muhlenberg College,Pennsylvania,PA,Private,4 Year,64360,64360,53400,101900,43,20,#4169E1,100%,52%,
22,Multnomah University,Oregon,OR,Private,4 Year,34770,34770,40500,76400,82,0,#4169E1,100%,53%,
12,Murray State University,Kentucky,KY,Public,4 Year,18274,33730,44800,79900,56,9,#CD853F,54%,56%,
19,Nazarene Bible College,Colorado,CO,Private,4 Year,14700,14700,33600,60100,NA,0,#4169E1,100%,56%,
12,Nebraska Wesleyan University,Nebraska,NE,Private,4 Year,43824,43824,45700,80500,60,8,#4169E1,100%,57%,
20,New College of Florida,Florida,FL,Public,4 Year,16183,39208,47300,86500,40,4,#CD853F,41%,55%,
6,New England College,New-Hampshire,NH,Private,4 Year,52136,52136,45700,86400,43,24,#4169E1,100%,53%,
7,New England Institute of Technology,Rhode-Island,RI,Private,4 Year,43005,43005,51700,93200,44,14,#4169E1,100%,55%,
24,New Jersey City University,New-Jersey,NJ,Public,4 Year,24789,34311,48700,87600,55,9,#CD853F,72%,56%,
3,New Jersey Institute of Technology,New-Jersey,NJ,Public,4 Year,30938,46350,64600,121300,51,75,#CD853F,67%,53%,
6,New Mexico Highlands University,New-Mexico,NM,Public,4 Year,14022,18174,40400,73800,63,4,#CD853F,77%,55%,
1,New Mexico Institute of Mining and Technology,New-Mexico,NM,Public,4 Year,16280,30778,64700,120400,61,91,#CD853F,53%,54%,
23,New Orleans Baptist Theological Seminary,Louisiana,LA,Private,4 Year,10400,10400,33900,61500,NA,0,#4169E1,100%,55%,
13,New York University,New-York,NY,Private,4 Year,69984,69984,63100,117700,42,18,#4169E1,100%,54%,
19,Newberry College,South-Carolina,SC,Private,4 Year,37090,37090,41200,74700,54,14,#4169E1,100%,55%,
6,Newman University,Kansas,KS,Private,4 Year,39050,39050,48000,88500,66,11,#4169E1,100%,54%,
14,Nicholls State University,Louisiana,LA,Public,4 Year,17920,19013,44500,84300,53,5,#CD853F,94%,53%,
21,North Carolina Wesleyan College,North-Carolina,NC,Private,4 Year,41800,41800,45300,78800,62,8,#4169E1,100%,57%,
19,North Central College,Illinois,IL,Private,4 Year,49899,49899,50400,92900,45,9,#4169E1,100%,54%,
16,Northeastern State University,Oklahoma,OK,Public,4 Year,14288,22358,44500,77600,58,7,#CD853F,64%,57%,
16,Northeastern University,Massachusetts,MA,Private,4 Year,68267,68267,62500,109700,46,40,#4169E1,100%,57%,
4,Northern Arizona University,Arizona,AZ,Public,4 Year,21846,36110,49600,90000,56,12,#CD853F,60%,55%,
14,Northern Illinois University,Illinois,IL,Public,4 Year,23142,23142,53000,95500,47,20,#CD853F,100%,55%,
6,Northern Kentucky University,Kentucky,KY,Public,4 Year,20054,29702,49000,87400,46,12,#CD853F,68%,56%,
7,Northern State University,South-Dakota,SD,Public,4 Year,16527,19500,42300,77700,56,7,#CD853F,85%,54%,
17,Northwest Christian University,Oregon,OR,Private,4 Year,39350,39350,45200,81100,62,5,#4169E1,100%,56%,
13,Northwest Missouri State University,Missouri,MO,Public,4 Year,19821,26473,46900,85100,50,26,#CD853F,75%,55%,
6,Northwest Nazarene University,Idaho,ID,Private,4 Year,36700,36700,46200,80600,68,7,#4169E1,100%,57%,
16,Northwest University,Washington,WA,Private,4 Year,40170,40170,50900,89000,51,3,#4169E1,100%,57%,
18,Northwestern College,Iowa,IA,Private,4 Year,40300,40300,44800,82400,42,11,#4169E1,100%,54%,
18,Northwestern Oklahoma State University,Oklahoma,OK,Public,4 Year,11816,18933,42200,76800,55,11,#CD853F,62%,55%,
2,Northwestern University,Illinois,IL,Private,4 Year,71193,71193,63400,115400,46,20,#4169E1,100%,55%,
3,Norwich University,Vermont,VT,Private,4 Year,53856,53856,57000,99100,51,20,#4169E1,100%,58%,
23,Notre Dame of Maryland University,Maryland,MD,Private,4 Year,48750,48750,48300,86400,58,3,#4169E1,100%,56%,
14,Nova Southeastern University,Florida,FL,Private,4 Year,44150,44150,50200,89800,60,9,#4169E1,100%,56%,
9,Oakland University,Michigan,MI,Public,4 Year,22706,34330,51300,93300,49,19,#CD853F,66%,55%,
15,Oakwood University,Alabama,AL,Private,4 Year,26032,26032,43500,78800,71,16,#4169E1,100%,55%,
13,Oberlin College,Ohio,OH,Private,4 Year,71392,71392,53100,96800,47,21,#4169E1,100%,55%,
6,Oglethorpe University,Georgia,GA,Private,4 Year,51300,51300,52400,91400,50,12,#4169E1,100%,57%,
6,Ohio Northern University,Ohio,OH,Private,4 Year,43910,43910,54400,103900,49,22,#4169E1,100%,52%,
16,Ohio Valley University,West-Virginia,WV,Private,4 Year,29880,29880,38800,71100,81,1,#4169E1,100%,55%,
9,Ohio Wesleyan University,Ohio,OH,Private,4 Year,58190,58190,51300,99200,46,21,#4169E1,100%,52%,
19,Oklahoma Baptist University,Oklahoma,OK,Private,4 Year,35608,35608,43900,76600,62,8,#4169E1,100%,57%,
7,Oklahoma Christian University,Oklahoma,OK,Private,4 Year,30950,30950,49700,87900,57,41,#4169E1,100%,57%,
7,Oklahoma City University,Oklahoma,OK,Private,4 Year,39922,39922,47700,87900,58,9,#4169E1,100%,54%,
20,Oklahoma Panhandle State University,Oklahoma,OK,Public,4 Year,12889,13828,42300,74400,54,10,#CD853F,93%,57%,
15,Oklahoma Wesleyan University,Oklahoma,OK,Private,4 Year,35600,35600,43300,78700,58,1,#4169E1,100%,55%,
14,Old Dominion University,Virginia,VA,Public,4 Year,22492,41392,50200,89900,52,19,#CD853F,54%,56%,
9,Oral Roberts University,Oklahoma,OK,Private,4 Year,37178,37178,45900,85100,59,8,#4169E1,100%,54%,
1,Oregon Health & Science University,Oregon,OR,Public,4 Year,19176,33666,65400,108300,79,10,#CD853F,57%,60%,
2,Oregon Institute of Technology,Oregon,OR,Public,4 Year,19045,37114,61200,106800,60,27,#CD853F,51%,57%,
5,Oregon State University,Oregon,OR,Public,4 Year,24021,42996,56200,104800,53,34,#CD853F,56%,54%,
8,Ouachita Baptist University,Arkansas,AR,Private,4 Year,34670,34670,44100,80200,58,18,#4169E1,100%,55%,
10,Pacific Lutheran University,Washington,WA,Private,4 Year,52856,52856,54500,98100,53,20,#4169E1,100%,56%,
15,Pacific Northwest College of Art,Oregon,OR,Private,4 Year,51110,51110,46300,85000,NA,0,#4169E1,100%,54%,
8,Pacific University,Oregon,OR,Private,4 Year,56826,56826,50200,94000,66,8,#4169E1,100%,53%,
14,Park University,Missouri,MO,Private,4 Year,20850,20850,48500,85000,56,7,#4169E1,100%,57%,
17,Peru State College,Nebraska,NE,Public,4 Year,15462,15492,42600,74800,50,6,#CD853F,100%,57%,
23,Pfeiffer University,North-Carolina,NC,Private,4 Year,41460,41460,44200,78000,51,4,#4169E1,100%,57%,
19,Philander Smith College,Arkansas,AR,Private,4 Year,20664,20664,34600,61200,NA,26,#4169E1,100%,57%,
8,Pittsburg State University,Kansas,KS,Public,4 Year,15076,26420,47100,84900,51,8,#CD853F,57%,55%,
12,Plymouth State University,New-Hampshire,NH,Public,4 Year,25199,33869,47000,82200,50,6,#CD853F,74%,57%,
13,Pomona College,California,CA,Private,4 Year,69496,69496,63800,117200,47,37,#4169E1,100%,54%,
12,Portland State University,Oregon,OR,Public,4 Year,19533,37488,50800,90500,48,16,#CD853F,52%,56%,
17,Prairie View A&M University,Texas,TX,Public,4 Year,19458,33768,57800,99400,65,22,#CD853F,58%,58%,
6,Presbyterian College,South-Carolina,SC,Private,4 Year,49140,49140,48800,89900,57,14,#4169E1,100%,54%,
7,Prescott College,Arizona,AZ,Private,4 Year,39185,39185,41200,73500,69,0,#4169E1,100%,56%,
2,Princeton University,New-Jersey,NJ,Private,4 Year,65620,65620,75200,139400,48,48,#4169E1,100%,54%,
17,Principia College,Illinois,IL,Private,4 Year,41080,41080,52600,94900,56,19,#4169E1,100%,55%,
3,Providence College,Rhode-Island,RI,Private,4 Year,65090,65090,58900,106900,44,11,#4169E1,100%,55%,
9,Queens University of Charlotte,North-Carolina,NC,Private,4 Year,45544,45544,49400,86600,48,9,#4169E1,100%,57%,
10,Quinnipiac University,Connecticut,CT,Private,4 Year,62500,62500,55900,97700,46,10,#4169E1,100%,57%,
22,Radford University,Virginia,VA,Public,4 Year,20616,32251,48900,82900,53,10,#CD853F,64%,59%,
15,Ramapo College of New Jersey,New-Jersey,NJ,Public,4 Year,26824,36165,51600,95200,41,12,#CD853F,74%,54%,
19,Randolph College,Virginia,VA,Private,4 Year,53165,53165,47000,86100,50,23,#4169E1,100%,55%,
3,Reed College,Oregon,OR,Private,4 Year,70550,70550,56100,104900,44,26,#4169E1,100%,53%,
8,Regis University,Colorado,CO,Private,4 Year,48370,48370,55500,94800,58,13,#4169E1,100%,59%,
6,Rensselaer Polytechnic Institute,New-York,NY,Private,4 Year,69140,69140,71300,134100,49,78,#4169E1,100%,53%,
9,Rhode Island College,Rhode-Island,RI,Public,4 Year,20758,33521,47200,83500,52,5,#CD853F,62%,57%,
4,Rhode Island School of Design,Rhode-Island,RI,Private,4 Year,64360,64360,55500,100600,39,0,#4169E1,100%,55%,
2,Rhodes College,Tennessee,TN,Private,4 Year,59293,59293,51900,97800,46,25,#4169E1,100%,53%,
1,Rice University,Texas,TX,Private,4 Year,61350,61350,71000,129500,50,45,#4169E1,100%,55%,
8,Rider University,New-Jersey,NJ,Private,4 Year,56010,56010,51600,99000,47,5,#4169E1,100%,52%,
10,Ripon College,Wisconsin,WI,Private,4 Year,52208,52208,46300,89600,60,26,#4169E1,100%,52%,
8,Rivier University,New-Hampshire,NH,Private,4 Year,44316,44316,49500,85100,58,41,#4169E1,100%,58%,
20,Roanoke College,Virginia,VA,Private,4 Year,57720,57720,48500,85100,53,18,#4169E1,100%,57%,
7,Rockhurst University,Missouri,MO,Private,4 Year,47790,47790,54000,92500,59,11,#4169E1,100%,58%,
5,Rocky Mountain College,Montana,MT,Private,4 Year,36842,36842,46000,82900,59,12,#4169E1,100%,55%,
8,Roger Williams University,Rhode-Island,RI,Private,4 Year,50412,50412,52900,92700,48,12,#4169E1,100%,57%,
22,Rogers State University,Oklahoma,OK,Public,4 Year,15486,23826,41400,73800,48,11,#CD853F,65%,56%,
18,Rollins College,Florida,FL,Private,4 Year,64495,64495,49000,87000,53,7,#4169E1,100%,56%,
1,Rose-Hulman Institute of Technology,Indiana,IN,Private,4 Year,64637,64637,75000,135800,51,96,#4169E1,100%,55%,
20,Rowan University,New-Jersey,NJ,Public,4 Year,26249,34891,51100,91200,43,21,#CD853F,75%,56%,
5,Rush University,Illinois,IL,Private,4 Year,24900,24900,63500,107600,88,6,#4169E1,100%,59%,
13,Rust College,Mississippi,MS,Private,4 Year,14200,14200,34800,62400,76,32,#4169E1,100%,56%,
9,Sacred Heart University,Connecticut,CT,Private,4 Year,56730,56730,55000,100500,46,15,#4169E1,100%,55%,
25,Saginaw Valley State University,Michigan,MI,Public,4 Year,20494,34401,46400,82200,54,12,#CD853F,60%,56%,
2,Saint Anselm College,New-Hampshire,NH,Private,4 Year,55700,55700,56400,100300,59,11,#4169E1,100%,56%,
11,Saint Cloud State University,Minnesota,MN,Public,4 Year,17812,26046,51600,91600,50,15,#CD853F,68%,56%,
7,Saint Joseph's College of Maine,Maine,ME,Private,4 Year,49330,49330,46900,84300,60,2,#4169E1,100%,56%,
14,Saint Joseph's University,Pennsylvania,PA,Private,4 Year,59813,59813,57300,105100,41,6,#4169E1,100%,55%,
4,Saint Louis University,Missouri,MO,Private,4 Year,56174,56174,54200,95300,56,13,#4169E1,100%,57%,
15,Saint Martin's University,Washington,WA,Private,4 Year,48801,48801,53200,91800,60,29,#4169E1,100%,58%,
12,Saint Mary's College,Indiana,IN,Private,4 Year,54800,54800,49700,89300,54,15,#4169E1,100%,56%,
21,Saint Mary's College of California,California,CA,Private,4 Year,62650,62650,59900,110800,51,5,#4169E1,100%,54%,
4,Saint Michael's College,Vermont,VT,Private,4 Year,57595,57595,52900,98500,40,18,#4169E1,100%,54%,
12,Saint Peter's University,New-Jersey,NJ,Private,4 Year,52900,52900,52900,95900,35,14,#4169E1,100%,55%,
20,Saint Xavier University,Illinois,IL,Private,4 Year,45220,45220,49400,91200,60,10,#4169E1,100%,54%,
19,Salisbury University,Maryland,MD,Public,4 Year,21774,31476,50400,89800,51,12,#CD853F,69%,56%,
6,Salve Regina University,Rhode-Island,RI,Private,4 Year,55050,55050,53000,93900,50,6,#4169E1,100%,56%,
5,Samford University,Alabama,AL,Private,4 Year,42200,42200,48400,90500,52,3,#4169E1,100%,53%,
17,San Jose State University,California,CA,Public,4 Year,24238,33742,63000,114700,53,28,#CD853F,72%,55%,
6,Santa Clara University,California,CA,Private,4 Year,66621,66621,69900,134700,44,29,#4169E1,100%,52%,
21,Savannah College of Art and Design,Georgia,GA,Private,4 Year,51180,51180,46800,80100,34,3,#4169E1,100%,58%,
6,Seattle Pacific University,Washington,WA,Private,4 Year,54735,54735,53600,103400,52,9,#4169E1,100%,52%,
1,Seattle University,Washington,WA,Private,4 Year,56898,56898,60600,113700,59,12,#4169E1,100%,53%,
5,Seton Hall University,New-Jersey,NJ,Private,4 Year,58270,58270,57100,103800,45,8,#4169E1,100%,55%,
18,Shenandoah University,Virginia,VA,Private,4 Year,42900,42900,48700,86600,57,7,#4169E1,100%,56%,
4,Shepherd University,West-Virginia,WV,Public,4 Year,18048,28548,47100,87100,48,12,#CD853F,63%,54%,
22,Shorter University,Georgia,GA,Private,4 Year,31770,31770,45600,79900,55,6,#4169E1,100%,57%,
1,Sierra Nevada College,Nevada,NV,Private,4 Year,47598,47598,54000,95500,39,2,#4169E1,100%,57%,
11,Simpson College,Iowa,IA,Private,4 Year,47524,47524,49900,88600,47,17,#4169E1,100%,56%,
24,Smith College,Massachusetts,MA,Private,4 Year,69924,69924,52700,98200,51,26,#4169E1,100%,54%,
10,South Carolina State University,South-Carolina,SC,Public,4 Year,20950,31640,44500,80800,71,16,#CD853F,66%,55%,
1,South Dakota School of Mines and Technology,South-Dakota,SD,Public,4 Year,18219,22461,66500,118500,58,92,#CD853F,81%,56%,
2,South Dakota State University,South-Dakota,SD,Public,4 Year,16660,20024,50500,91900,58,18,#CD853F,83%,55%,
20,Southeast Missouri State University,Missouri,MO,Public,4 Year,16353,22090,43700,79100,52,9,#CD853F,74%,55%,
15,Southeastern Louisiana University,Louisiana,NC,Public,2 Year,2437,8197,46700,83900,51,8,#CD853F,30%,56%,
14,Southeastern Oklahoma State University,Oklahoma,LA,Public,4 Year,16585,29063,45000,80500,53,15,#CD853F,57%,56%,
10,Southern Adventist University,Tennessee,TN,Private,4 Year,28890,28890,47500,84000,67,9,#4169E1,100%,57%,
20,Southern Connecticut State University,Connecticut,CT,Public,4 Year,23735,34975,48500,83600,51,6,#CD853F,68%,58%,
5,Southern Methodist University,Texas,TX,Private,4 Year,71338,71338,59700,110400,46,22,#4169E1,100%,54%,
13,Southern Nazarene University,Oklahoma,OK,Private,4 Year,33684,33684,46100,81000,62,5,#4169E1,100%,57%,
11,Southern New Hampshire University,New-Hampshire,NH,Private,4 Year,44256,44256,47400,83400,49,8,#4169E1,100%,57%,
16,Southern Oregon University,Oregon,OR,Public,4 Year,22853,38783,46000,81200,54,6,#CD853F,59%,57%,
22,Southern University at New Orleans,Louisiana,LA,Public,4 Year,18411,20200,40100,71000,76,13,#CD853F,91%,56%,
8,Southern Utah University,Utah,UT,Public,4 Year,13859,27675,46400,84400,65,7,#CD853F,50%,55%,
9,Southern Vermont College,Vermont,VT,Private,4 Year,36511,36511,42900,78700,63,17,#4169E1,100%,55%,
20,Southern Wesleyan University,South-Carolina,SC,Private,4 Year,34506,34506,42900,74600,52,5,#4169E1,100%,58%,
6,Southwestern Oklahoma State University,Oklahoma,OK,Public,4 Year,12865,19765,47900,90800,58,5,#CD853F,65%,53%,
25,Southwestern University,Texas,TX,Private,4 Year,54000,54000,51800,93500,51,19,#4169E1,100%,55%,
13,Spalding University,Kentucky,KY,Private,4 Year,32100,32100,44800,79200,71,0,#4169E1,100%,57%,
10,Spelman College,Georgia,GA,Private,4 Year,43179,43179,50200,85400,52,24,#4169E1,100%,59%,
6,Spring Hill College,Alabama,AL,Private,4 Year,52926,52926,46600,89100,53,12,#4169E1,100%,52%,
7,St. John's College,Maryland,MD,Private,4 Year,65820,65820,55900,101200,NA,0,#4169E1,100%,55%,
22,St. Mary's University of Minnesota,Minnesota,MN,Private,4 Year,44220,44220,52900,95300,61,17,#4169E1,100%,56%,
4,Stanford University,California,NY,Private,4 Year,59040,59040,79000,145200,56,51,#4169E1,100%,54%,
24,Stephens College,Missouri,MN,Private,4 Year,55309,55309,42800,77200,47,6,#4169E1,100%,55%,
17,Sterling College,Kansas,KS,Private,4 Year,34280,34280,42700,79100,73,7,#4169E1,100%,54%,
21,Stetson University,Florida,FL,Private,4 Year,59082,59082,47000,86000,44,7,#4169E1,100%,55%,
1,Stevens Institute of Technology,New-Jersey,NJ,Private,4 Year,67446,67446,75100,139900,47,79,#4169E1,100%,54%,
15,Stevenson University,Maryland,MD,Private,4 Year,49312,49312,50400,91600,51,15,#4169E1,100%,55%,
25,Stockton University,New-Jersey,NJ,Public,4 Year,26021,33148,47400,85800,49,16,#CD853F,78%,55%,
19,Stonehill College,Massachusetts,MA,Private,4 Year,58746,58746,55900,103200,42,18,#4169E1,100%,54%,
21,SUNY Downstate Medical Center,New-York,NY,Public,4 Year,7481,16931,64000,109300,83,0,#CD853F,44%,59%,
4,SUNY Maritime College,New-York,NY,Public,4 Year,20805,30585,74900,140700,53,32,#CD853F,68%,53%,
4,Swarthmore College,Pennsylvania,PA,Private,4 Year,68062,68062,67500,123200,44,45,#4169E1,100%,55%,
20,Tabor College,Kansas,KS,Private,4 Year,38095,38095,43300,77500,62,7,#4169E1,100%,56%,
10,Taylor University,Indiana,IN,Private,4 Year,43728,43728,48700,90600,59,16,#4169E1,100%,54%,
19,Tennessee State University,Tennessee,TN,Public,4 Year,15814,29170,47200,78400,68,14,#CD853F,54%,60%,
6,Tennessee Technological University,Tennessee,TN,Public,4 Year,18839,35495,53100,95100,48,28,#CD853F,53%,56%,
20,Texas A&M University-Kingsville,Texas,TX,Public,4 Year,17222,29672,53100,97500,63,53,#CD853F,58%,54%,
19,Texas Christian University,Texas,TX,Private,4 Year,59754,59754,56000,98700,51,9,#4169E1,100%,57%,
7,Texas Tech University,Texas,TX,Public,4 Year,20575,33025,56800,106500,54,22,#CD853F,62%,53%,
8,Texas Tech University Health Sciences Center,Texas,TX,Public,4 Year,7911,20361,61300,104900,86,3,#CD853F,39%,58%,
6,The College of New Jersey,New-Jersey,NJ,Public,4 Year,30168,41883,58200,101800,44,16,#CD853F,72%,57%,
2,The King's University,Texas,TX,Private,4 Year,15000,15000,63800,116500,33,0,#4169E1,100%,55%,
8,Thomas College,Maine,ME,Private,4 Year,38150,38150,46100,81500,49,3,#4169E1,100%,57%,
13,Thomas Edison State University,New-Jersey,NJ,Public,4 Year,7519,9967,52500,95600,54,0,#CD853F,75%,55%,
2,Thomas More College,Kentucky,KY,Private,4 Year,39070,39070,50000,90900,56,8,#4169E1,100%,55%,
5,Thomas More College of Liberal Arts,New-Hampshire,NH,Private,4 Year,31300,31300,48900,88300,NA,0,#4169E1,100%,55%,
12,Tougaloo College,Mississippi,MS,Private,4 Year,17433,17433,36900,66400,69,18,#4169E1,100%,56%,
16,Towson University,Maryland,MD,Public,4 Year,22974,36242,51200,91200,47,15,#CD853F,63%,56%,
7,Transylvania University,Kentucky,KY,Private,4 Year,49210,49210,47900,85600,51,25,#4169E1,100%,56%,
14,Trevecca Nazarene University,Tennessee,TN,Private,4 Year,33998,33998,45300,81700,65,5,#4169E1,100%,55%,
6,Trine University,Indiana,IN,Private,4 Year,42985,42985,55100,100300,56,26,#4169E1,100%,55%,
5,Trinity College,Connecticut,CT,Private,4 Year,71660,71660,60100,110900,49,22,#4169E1,100%,54%,
11,Trinity University,Texas,TX,Private,4 Year,56440,56440,54900,102900,46,27,#4169E1,100%,53%,
11,Troy University,Alabama,AL,Public,4 Year,20645,31060,44500,81500,60,8,#CD853F,66%,55%,
12,Truman State University,Missouri,MO,Public,4 Year,16509,23361,47900,85800,48,16,#CD853F,71%,56%,
7,Tufts University,Massachusetts,MA,Private,4 Year,70942,70942,65200,118100,49,25,#4169E1,100%,55%,
4,Tuskegee University,Alabama,AL,Private,4 Year,31820,31820,54500,93500,61,30,#4169E1,100%,58%,
12,Union University,Tennessee,TN,Private,4 Year,43090,43090,46400,83000,59,6,#4169E1,100%,56%,
15,Unity College,Maine,ME,Private,4 Year,39870,39870,38200,69500,NA,23,#4169E1,100%,55%,
8,University of Alabama at Birmingham,Alabama,AL,Public,4 Year,17110,31030,48600,87200,57,17,#CD853F,55%,56%,
2,University of Alabama in Huntsville,Alabama,AL,Public,4 Year,20808,32456,57500,103900,59,45,#CD853F,64%,55%,
2,University of Alaska Anchorage,Alaska,AK,Public,4 Year,19888,36058,56000,101000,57,10,#CD853F,55%,55%,
1,University of Alaska Fairbanks,Alaska,AK,Public,4 Year,17017,33187,59100,101800,54,20,#CD853F,51%,58%,
2,University of Arizona,Arizona,AZ,Public,4 Year,25037,48936,56100,101000,51,23,#CD853F,51%,56%,
1,University of Arkansas,Arkansas,AR,Public,4 Year,20150,36188,52500,98000,49,18,#CD853F,56%,54%,
7,University of Arkansas at Little Rock,Arkansas,AR,Public,4 Year,17896,30136,45600,80800,55,13,#CD853F,59%,56%,
12,University of Arkansas at Monticello,Arkansas,AR,Public,4 Year,14520,20370,43500,78300,61,2,#CD853F,71%,56%,
17,University of Arkansas at Pine Bluff,Arkansas,AR,Public,4 Year,15723,21975,40500,70500,67,22,#CD853F,72%,57%,
3,University of Arkansas for Medical Sciences,Arkansas,AR,Public,4 Year,8197,15973,51700,89100,84,3,#CD853F,51%,58%,
20,University of Baltimore,Maryland,MD,Public,4 Year,8958,21076,51000,89600,56,2,#CD853F,43%,57%,
13,University of Bridgeport,Connecticut,CT,Private,4 Year,46710,46710,49900,93600,59,31,#4169E1,100%,53%,
10,University of Central Arkansas,Arkansas,AR,Public,4 Year,15605,22128,44900,79800,52,8,#CD853F,71%,56%,
16,University of Central Florida,Florida,FL,Public,4 Year,15985,32084,49700,88600,50,16,#CD853F,50%,56%,
16,University of Central Missouri,Missouri,MO,Public,4 Year,16439,23208,46900,83300,54,45,#CD853F,71%,56%,
10,University of Central Oklahoma,Oklahoma,OK,Public,4 Year,15458,26346,45300,82900,56,8,#CD853F,59%,55%,
8,University of Charleston,West-Virginia,WV,Private,4 Year,40080,40080,44600,81900,51,4,#4169E1,100%,54%,
4,University of Chicago,Illinois,IL,Private,4 Year,74580,74580,64000,114200,41,22,#4169E1,100%,56%,
3,University of Colorado Boulder,Colorado,CO,Public,4 Year,26950,51704,57800,109900,48,39,#CD853F,52%,53%,
9,University of Colorado Colorado Springs,Colorado,CO,Public,4 Year,20963,35393,52200,90900,53,21,#CD853F,59%,57%,
6,University of Connecticut,Connecticut,CT,Public,4 Year,28604,50972,59100,105200,48,24,#CD853F,56%,56%,
21,University of Dallas,Texas,TX,Private,4 Year,53052,53052,53000,96400,49,16,#4169E1,100%,55%,
4,University of Dayton,Ohio,OH,Private,4 Year,56480,56480,57400,105000,44,33,#4169E1,100%,55%,
1,University of Delaware,Delaware,DE,Public,4 Year,26542,47172,58600,105400,43,22,#CD853F,56%,56%,
4,University of Denver,Colorado,CO,Private,4 Year,63561,63561,55700,105100,48,12,#4169E1,100%,53%,
10,University of Detroit Mercy,Michigan,MI,Private,4 Year,37496,37496,51800,92800,57,13,#4169E1,100%,56%,
21,University of Dubuque,Iowa,IA,Private,4 Year,44040,44040,44200,79700,48,7,#4169E1,100%,55%,
11,University of Evansville,Indiana,IN,Private,4 Year,48876,48876,50300,89900,54,17,#4169E1,100%,56%,
4,University of Florida,Florida,FL,Public,4 Year,16501,38778,55800,102800,52,29,#CD853F,43%,54%,
3,University of Georgia,Georgia,GA,Public,4 Year,21868,40442,54400,100700,45,14,#CD853F,54%,54%,
7,University of Hartford,Connecticut,CT,Private,4 Year,53170,53170,55200,101600,53,15,#4169E1,100%,54%,
5,University of Hawaii at Hilo,Hawaii,HI,Public,4 Year,19126,32086,44000,77200,59,14,#CD853F,60%,57%,
3,University of Hawaii at Manoa,Hawaii,HI,Public,4 Year,25659,47691,51600,91600,56,18,#CD853F,54%,56%,
13,University of Holy Cross,Louisiana,LA,Private,4 Year,17300,17300,48400,86300,69,3,#4169E1,100%,56%,
9,University of Houston,Texas,TX,Public,4 Year,22776,38226,56000,103900,50,24,#CD853F,60%,54%,
23,University of Houston-Clear Lake,Texas,TX,Public,4 Year,8500,24731,50700,94800,48,29,#CD853F,34%,53%,
1,University of Idaho,Idaho,ID,Public,4 Year,16744,34380,52300,97700,54,22,#CD853F,49%,54%,
7,University of Illinois at Chicago,Illinois,IL,Public,4 Year,25838,39054,56300,103800,48,31,#CD853F,66%,54%,
3,University of Illinois at Urbana-Champaign,Illinois,IL,Public,4 Year,26402,42972,62600,115300,44,36,#CD853F,61%,54%,
21,University of Indianapolis,Indiana,IN,Private,4 Year,39976,39976,47300,84500,55,5,#4169E1,100%,56%,
3,University of Iowa,Iowa,IA,Public,4 Year,20439,42405,54100,99400,48,16,#CD853F,48%,54%,
3,University of Jamestown,North-Dakota,ND,Private,4 Year,29546,29546,47600,85400,64,11,#4169E1,100%,56%,
1,University of Kansas,Kansas,KS,Public,4 Year,21498,37708,53000,98600,52,16,#CD853F,57%,54%,
1,University of Kentucky,Kentucky,KY,Public,4 Year,25227,42081,51700,96400,48,19,#CD853F,60%,54%,
5,University of Louisiana at Lafayette,Louisiana,LA,Public,4 Year,19132,32860,48200,92500,52,19,#CD853F,58%,52%,
5,University of Louisiana at Monroe,Louisiana,LA,Public,4 Year,16584,28684,48500,92500,65,7,#CD853F,58%,52%,
5,University of Louisville,Kentucky,KY,Public,4 Year,20882,36504,49500,87600,50,18,#CD853F,57%,57%,
5,University of Maine,Maine,ME,Public,4 Year,21588,41388,52000,95000,50,24,#CD853F,52%,55%,
12,University of Maine at Augusta,Maine,ME,Public,4 Year,7988,17918,41600,73100,61,7,#CD853F,45%,57%,
13,University of Maine at Farmington,Maine,ME,Public,4 Year,19392,29504,41100,71700,64,5,#CD853F,66%,57%,
11,University of Maine at Fort Kent,Maine,ME,Public,4 Year,16335,20535,43500,76300,73,5,#CD853F,80%,57%,
16,University of Maine at Machias,Maine,ME,Public,4 Year,16326,23586,37100,66200,47,13,#CD853F,69%,56%,
14,University of Maine at Presque Isle,Maine,ME,Public,4 Year,16441,20641,39000,70700,58,6,#CD853F,80%,55%,
6,University of Mary,North-Dakota,ND,Private,4 Year,25610,25610,46400,79100,64,3,#4169E1,100%,59%,
10,University of Mary Washington,Virginia,VA,Public,4 Year,23306,38552,54200,98200,49,17,#CD853F,60%,55%,
8,University of Memphis,Tennessee,TN,Public,4 Year,19676,31388,47200,85800,55,12,#CD853F,63%,55%,
6,University of Miami,Florida,FL,Private,4 Year,64334,64334,56200,99600,48,22,#4169E1,100%,56%,
2,University of Mississippi,Mississippi,MS,Public,4 Year,19356,35310,48500,89100,55,12,#CD853F,55%,54%,
19,University of Mobile,Alabama,AL,Private,4 Year,32420,32420,40600,74100,77,7,#4169E1,100%,55%,
22,University of Montevallo,Alabama,AL,Public,4 Year,22090,35110,38900,70700,49,7,#CD853F,63%,55%,
22,University of Mount Union,Ohio,OH,Private,4 Year,41460,41460,48300,88500,41,19,#4169E1,100%,55%,
3,University of Nebraska Medical Center,Nebraska,NE,Public,4 Year,11558,28898,53400,93000,79,6,#CD853F,40%,57%,
6,University of New England,Maine,ME,Private,4 Year,51610,51610,50100,91500,69,7,#4169E1,100%,55%,
4,University of New Hampshire at Manchester,New-Hampshire,NH,Public,4 Year,15265,30635,51900,90900,50,32,#CD853F,50%,57%,
11,University of New Haven,Connecticut,CT,Private,4 Year,55170,55170,52100,94800,52,25,#4169E1,100%,55%,
7,University of New Orleans,Louisiana,LA,Public,4 Year,19629,24465,49900,91600,55,23,#CD853F,80%,54%,
18,University of North Alabama,Alabama,AL,Public,4 Year,19570,27880,43000,75600,61,6,#CD853F,70%,57%,
5,University of North Carolina at Chapel Hill,North-Carolina,NC,Public,4 Year,20177,46360,55000,100800,49,19,#CD853F,44%,55%,
8,University of North Carolina at Charlotte,North-Carolina,NC,Public,4 Year,18144,31578,52500,92600,49,25,#CD853F,57%,57%,
16,University of North Carolina School of the Arts,North-Carolina,NC,Public,4 Year,18379,34522,46400,82400,44,0,#CD853F,53%,56%,
2,University of North Dakota,North-Dakota,ND,Public,4 Year,17669,29733,53800,96000,54,16,#CD853F,59%,56%,
19,University of North Florida,Florida,FL,Public,4 Year,16370,30088,48800,86600,51,11,#CD853F,54%,56%,
9,University of North Georgia,Georgia,GA,Public,4 Year,15212,29024,47300,85600,51,8,#CD853F,52%,55%,
12,University of Northern Colorado,Colorado,CO,Public,4 Year,20990,32678,47700,87100,52,7,#CD853F,64%,55%,
15,University of Northern Iowa,Iowa,IA,Public,4 Year,17886,28428,47100,85300,46,8,#CD853F,63%,55%,
2,University of Notre Dame,Indiana,IN,Private,4 Year,68801,68801,67000,130500,45,28,#4169E1,100%,51%,
7,University of Oregon,Oregon,OR,Public,4 Year,24861,48441,51800,95800,46,13,#CD853F,51%,54%,
3,University of Pennsylvania,Pennsylvania,PA,Private,4 Year,71200,71200,72800,133900,41,21,#4169E1,100%,54%,
21,University of Pikeville,Kentucky,KY,Private,4 Year,28750,28750,39000,70700,74,11,#4169E1,100%,55%,
3,University of Portland,Oregon,OR,Private,4 Year,59354,59354,58500,104900,52,28,#4169E1,100%,56%,
8,University of Puget Sound,Washington,WA,Private,4 Year,62316,62316,54200,101300,45,21,#4169E1,100%,54%,
5,University of Rhode Island,Rhode-Island,RI,Public,4 Year,27088,43812,54500,99700,50,18,#CD853F,62%,55%,
7,University of Richmond,Virginia,VA,Private,4 Year,64860,64860,59800,107500,48,13,#4169E1,100%,56%,
16,University of Rochester,New-York,NY,Private,4 Year,69864,69864,61100,112700,50,32,#4169E1,100%,54%,
14,University of Saint Joseph,Connecticut,CT,Private,4 Year,50601,50601,49900,88800,63,9,#4169E1,100%,56%,
25,University of San Diego,California,CA,Private,4 Year,62338,62338,58900,109400,48,12,#4169E1,100%,54%,
23,University of San Francisco,California,CA,Private,4 Year,62896,62896,60600,109900,52,6,#4169E1,100%,55%,
23,University of Science and Arts of Oklahoma,Oklahoma,OK,Public,4 Year,13565,23915,37300,67400,49,11,#CD853F,57%,55%,
23,University of Scranton,Pennsylvania,PA,Private,4 Year,59714,59714,56400,99700,42,12,#4169E1,100%,57%,
6,University of Sioux Falls,South-Dakota,SD,Private,4 Year,25630,25630,44400,78200,64,6,#4169E1,100%,57%,
9,University of South Alabama,Alabama,AL,Public,4 Year,17490,27360,47700,86400,56,17,#CD853F,64%,55%,
4,University of South Dakota,South-Dakota,SD,Public,4 Year,17277,20641,47500,87900,56,8,#CD853F,84%,54%,
11,University of Southern California,California,CA,Private,4 Year,71620,71620,64500,120600,47,23,#4169E1,100%,53%,
9,University of Southern Maine,Maine,ME,Public,4 Year,18970,32230,46900,81300,55,8,#CD853F,59%,58%,
4,University of Southern Mississippi,Mississippi,MS,Public,4 Year,18591,20591,45100,83900,56,11,#CD853F,90%,54%,
17,University of the Cumberlands,Kentucky,KY,Private,4 Year,32000,32000,39800,73800,63,8,#4169E1,100%,54%,
14,University of the Ozarks,Arkansas,AR,Private,4 Year,31630,31630,42300,74500,58,16,#4169E1,100%,57%,
8,University of the Sciences,Pennsylvania,PA,Private,4 Year,40938,40938,60700,115200,72,12,#4169E1,100%,53%,
18,University of Toledo,Ohio,OH,Public,4 Year,21229,30567,51800,92500,52,21,#CD853F,69%,56%,
1,University of Tulsa,Oklahoma,OK,Private,4 Year,52625,52625,58700,107200,51,36,#4169E1,100%,55%,
2,University of Utah,Utah,UT,Public,4 Year,19484,39477,54800,102600,57,22,#CD853F,49%,53%,
2,University of Vermont,Vermont,VT,Public,4 Year,30738,54978,53200,99400,50,22,#CD853F,56%,54%,
17,University of West Alabama,Alabama,AL,Public,4 Year,18156,26606,42700,76100,61,4,#CD853F,68%,56%,
15,University of West Georgia,Georgia,GA,Public,4 Year,18210,31692,46700,82700,51,9,#CD853F,57%,56%,
7,University of Wisconsin-Eau Claire,Wisconsin,WI,Public,4 Year,16633,24909,52100,93600,46,14,#CD853F,67%,56%,
14,University of Wisconsin-La Crosse,Wisconsin,WI,Public,4 Year,15437,24255,49600,88300,53,19,#CD853F,64%,56%,
3,University of Wisconsin-Madison,Wisconsin,WI,Public,4 Year,21669,47919,57300,104400,48,33,#CD853F,45%,55%,
9,University of Wisconsin-Milwaukee,Wisconsin,WI,Public,4 Year,21812,33092,50600,90300,50,17,#CD853F,66%,56%,
19,University of Wisconsin-Oshkosh,Wisconsin,WI,Public,4 Year,16268,23841,47700,84300,52,10,#CD853F,68%,57%,
24,University of Wisconsin-Parkside,Wisconsin,WI,Public,4 Year,15555,23544,46000,81400,47,17,#CD853F,66%,57%,
4,University of Wisconsin-Platteville,Wisconsin,WI,Public,4 Year,15151,23001,56800,100300,50,38,#CD853F,66%,57%,
25,University of Wisconsin-River Falls,Wisconsin,WI,Public,4 Year,14375,21948,47100,81300,52,14,#CD853F,65%,58%,
11,University of Wisconsin-Stout,Wisconsin,WI,Public,4 Year,16381,24347,50400,89500,47,14,#CD853F,67%,56%,
12,University of Wisconsin-Whitewater,Wisconsin,WI,Public,4 Year,14478,23051,48900,89300,44,8,#CD853F,63%,55%,
1,University of Wyoming,Wyoming,WY,Public,4 Year,15720,27810,52400,98800,58,25,#CD853F,57%,53%,
24,Upper Iowa University,Iowa,IA,Private,4 Year,38904,38904,44200,78000,56,3,#4169E1,100%,57%,
18,Ursinus College,Pennsylvania,PA,Private,4 Year,64800,64800,54400,101800,42,40,#4169E1,100%,53%,
4,Utah State University,Utah,UT,Public,4 Year,13824,27905,52400,93900,61,14,#CD853F,50%,56%,
7,Utah Valley University,Utah,UT,Public,4 Year,5726,16296,51100,90600,57,12,#CD853F,35%,56%,
19,Valdosta State University,Georgia,GA,Public,4 Year,15586,29068,43400,81000,57,7,#CD853F,54%,54%,
8,Valley City State University,North-Dakota,ND,Public,4 Year,14072,23612,39900,68600,56,3,#CD853F,60%,58%,
8,Valparaiso University,Indiana,IN,Private,4 Year,52120,52120,53300,98000,52,31,#4169E1,100%,54%,
1,Vanderbilt University,Tennessee,TN,Private,4 Year,66050,66050,65400,119100,48,23,#4169E1,100%,55%,
5,Vermont Technical College,Vermont,VT,Public,4 Year,25706,38378,52400,93900,41,4,#CD853F,67%,56%,
7,Villanova University,Pennsylvania,PA,Private,4 Year,67328,67328,65100,119500,41,23,#4169E1,100%,54%,
16,Virginia Commonwealth University,Virginia,VA,Public,4 Year,24918,45566,49900,88200,52,18,#CD853F,55%,57%,
2,Virginia Military Institute,Virginia,VA,Public,4 Year,28290,55134,65900,120600,68,47,#CD853F,51%,55%,
4,Virginia Polytechnic Institute and State University,Virginia,VA,Public,4 Year,22554,40238,62700,114000,48,42,#CD853F,56%,55%,
24,Virginia State University,Virginia,VA,Public,4 Year,20264,30784,44900,81800,61,14,#CD853F,66%,55%,
22,Viterbo University,Wisconsin,WI,Private,4 Year,37030,37030,46800,81900,62,3,#4169E1,100%,57%,
3,Wabash College,Indiana,IN,Private,4 Year,53500,53500,62200,114400,40,34,#4169E1,100%,54%,
2,Wake Forest University,North-Carolina,NC,Private,4 Year,69354,69354,60700,114800,44,13,#4169E1,100%,53%,
11,Walla Walla University,Washington,WA,Private,4 Year,32310,32310,53700,97800,54,22,#4169E1,100%,55%,
20,Walsh College of Accountancy and Business Administration,Michigan,MI,Private,4 Year,17625,17625,49400,85200,42,5,#4169E1,100%,58%,
12,Wartburg College,Iowa,IA,Private,4 Year,51276,51276,49300,88000,49,34,#4169E1,100%,56%,
12,Washburn University,Kansas,KS,Public,4 Year,17107,28177,47000,83000,54,4,#CD853F,61%,57%,
10,Washington Adventist University,Maryland,MD,Private,4 Year,33270,33270,55600,97600,63,9,#4169E1,100%,57%,
1,Washington and Lee University,Virginia,VA,Private,4 Year,66380,66380,65900,123200,40,18,#4169E1,100%,53%,
14,Washington College,Maryland,MD,Private,4 Year,59392,59392,52800,93500,55,21,#4169E1,100%,56%,
5,Washington State University,Washington,WA,Public,4 Year,22979,37763,55900,103700,50,20,#CD853F,61%,54%,
18,Wayne State College,Nebraska,NE,Public,4 Year,14657,19967,40600,73400,54,11,#CD853F,73%,55%,
12,Wayne State University,Michigan,MI,Public,4 Year,23774,38668,50800,91700,53,21,#CD853F,61%,55%,
3,Webb Institute,New-York,NY,Private,4 Year,65225,65225,80800,141800,NA,100,#4169E1,100%,57%,
3,Weber State University,Utah,UT,Public,4 Year,12110,22864,53900,94000,60,8,#CD853F,53%,57%,
15,Webster University,Missouri,MO,Private,4 Year,38950,38950,46500,83500,50,2,#4169E1,100%,56%,
18,Wellesley College,Massachusetts,MA,Private,4 Year,70200,70200,58900,106200,48,34,#4169E1,100%,55%,
15,Wentworth Institute of Technology,Massachusetts,MA,Private,4 Year,48140,48140,62700,112700,53,39,#4169E1,100%,56%,
4,Wesley College,Delaware,DE,Private,4 Year,38123,38123,45400,77300,50,2,#4169E1,100%,59%,
3,Wesleyan University,Connecticut,CT,Private,4 Year,69974,69974,61600,117000,53,21,#4169E1,100%,53%,
10,West Liberty University,West-Virginia,WV,Public,4 Year,17136,25076,42500,77000,51,6,#CD853F,68%,55%,
12,West Virginia State University,West-Virginia,WV,Public,4 Year,20059,27964,41800,76000,46,8,#CD853F,72%,55%,
2,West Virginia University,West-Virginia,WV,Public,4 Year,19774,35868,54400,99900,52,22,#CD853F,55%,54%,
18,West Virginia University at Parkersburg,West-Virginia,WV,Public,2 Year,6330,10920,36700,65200,67,3,#CD853F,58%,56%,
1,West Virginia University Institute of Technology,West-Virginia,WV,Public,4 Year,18854,30038,57100,103700,56,40,#CD853F,63%,55%,
5,West Virginia Wesleyan College,West-Virginia,WV,Private,4 Year,40496,40496,47000,85200,53,21,#4169E1,100%,55%,
25,Western Carolina University,North-Carolina,NC,Public,4 Year,13902,17902,44700,77700,58,8,#CD853F,78%,58%,
15,Western Connecticut State University,Connecticut,CT,Public,4 Year,23891,35131,51700,88100,50,6,#CD853F,68%,59%,
6,Western Governors University,Utah,UT,Private,4 Year,6670,6670,54500,91500,57,9,#4169E1,100%,60%,
8,Western Kentucky University,Kentucky,KY,Public,4 Year,18945,34839,45500,83100,49,10,#CD853F,54%,55%,
11,Western Michigan University,Michigan,MI,Public,4 Year,22626,25516,50900,92200,47,16,#CD853F,89%,55%,
20,Western New England University,Massachusetts,MA,Private,4 Year,50394,50394,56400,103000,44,21,#4169E1,100%,55%,
5,Western New Mexico University,New-Mexico,NM,Public,4 Year,15960,24367,41700,76700,75,4,#CD853F,65%,54%,
20,Western Oregon University,Oregon,OR,Public,4 Year,19955,36830,44500,79300,50,5,#CD853F,54%,56%,
14,Western State Colorado University,Colorado,CO,Public,4 Year,19749,31221,44800,81500,47,19,#CD853F,63%,55%,
9,Western Washington University,Washington,WA,Public,4 Year,19598,35010,55000,99300,45,16,#CD853F,56%,55%,
7,Wheeling Jesuit University,West-Virginia,WV,Private,4 Year,39190,39190,44800,83400,57,5,#4169E1,100%,54%,
7,Whitman College,Washington,WA,Private,4 Year,64938,64938,54600,102600,53,33,#4169E1,100%,53%,
17,Whitworth University,Washington,WA,Private,4 Year,55136,55136,49900,88800,52,18,#4169E1,100%,56%,
7,Wichita State University,Kansas,KS,Public,4 Year,19523,28704,48700,87300,57,24,#CD853F,68%,56%,
21,Widener University,Pennsylvania,PA,Private,4 Year,60394,60394,55700,100100,57,13,#4169E1,100%,56%,
6,Willamette University,Oregon,OR,Private,4 Year,62514,62514,52200,97700,49,14,#4169E1,100%,53%,
9,William Carey University,Mississippi,MS,Private,4 Year,19410,19410,41100,71800,61,6,#4169E1,100%,57%,
6,William Jewell College,Missouri,MO,Private,4 Year,44330,44330,51400,94500,60,12,#4169E1,100%,54%,
21,William Paterson University of New Jersey,New-Jersey,NJ,Public,4 Year,24505,32705,50500,90200,44,7,#CD853F,75%,56%,
23,William Penn University,Iowa,IA,Private,4 Year,32552,32552,43900,78300,59,7,#4169E1,100%,56%,
5,Williams College,Massachusetts,MA,Private,4 Year,69950,69950,67500,127500,47,32,#4169E1,100%,53%,
5,Wilmington University,Delaware,DE,Private,4 Year,11210,11210,45100,76600,50,4,#4169E1,100%,59%,
16,Winona State University,Minnesota,MN,Public,4 Year,18435,24358,49700,86800,51,10,#CD853F,76%,57%,
11,Winthrop University,South-Carolina,SC,Public,4 Year,24902,39158,44300,79700,49,9,#CD853F,64%,56%,
20,Wisconsin Lutheran College,Wisconsin,WI,Private,4 Year,39915,39915,46200,82500,45,10,#4169E1,100%,56%,
3,Wittenberg University,Ohio,OH,Private,4 Year,49856,49856,52400,105400,61,22,#4169E1,100%,50%,
4,Wofford College,South-Carolina,SC,Private,4 Year,56530,56530,51300,96600,51,28,#4169E1,100%,53%,
3,Worcester Polytechnic Institute,Massachusetts,MA,Private,4 Year,65304,65304,73600,135500,47,86,#4169E1,100%,54%,
16,Xavier University,Ohio,OH,Private,4 Year,51310,51310,51800,94000,46,7,#4169E1,100%,55%,
11,Xavier University of Louisiana,Louisiana,LA,Private,4 Year,33535,33535,46700,88200,63,35,#4169E1,100%,53%,
1,Yale University,Connecticut,CT,Private,4 Year,69430,69430,70300,138300,53,22,#4169E1,100%,51%,
15,Yeshiva University,New-York,NY,Private,4 Year,55750,55750,63500,112800,40,11,#4169E1,100%,56%,
0,,Average of Public School,,Public,,18564,30059,49390,88708,54,16.24,#CD853F,62%,56%,500
1,,Average in Total,,,,36542,40916,50992,92163,54,16.72038567,white,89%,55%,
0,,Average of Private School,,Private,,47537,47537,51969,94269,53,17.01330377,#4169E1,100%,55%,1000
Debt,,Student Loan,,,,32731,32731,32731,32731,,,,,,