rank,name,state_name,state_code,type,degree_length,in_state_total,out_of_state_total,early_career_pay,mid_career_pay,make_world_better_percent,stem_percent,average_cost_state,average_early_career,average_mid_career
3,Alaska Pacific University,Alaska,AK,Private,4 Year,28130,28130,50300,90000,67,6,32458.33333,54600,95500
1,University of Alaska Fairbanks,Alaska,AK,Public,4 Year,17017,33187,56000,101000,57,10,32458.33333,54600,
2,University of Alaska Anchorage,Alaska,AK,Public,4 Year,19888,36058,57500,103900,59,45,32458.33333,54600,
24,Amridge University,Alabama,AL,Private,4 Year,6900,6900,35700,65900,NA,0,29861.5,48186.36364,88345.45455
8,University of Alabama at Birmingham,Alabama,AL,Public,4 Year,17110,31030,38200,69500,NA,23,29861.5,48186.36364,
20,Alabama State University,Alabama,AL,Public,4 Year,16490,24818,39800,71500,61,16,29861.5,48186.36364,
22,University of Montevallo,Alabama,AL,Public,4 Year,22090,35110,40600,74100,77,7,29861.5,48186.36364,
12,Jacksonville State University,Alabama,AL,Public,4 Year,18525,28245,41700,74600,67,16,29861.5,48186.36364,
21,Faulkner University,Alabama,AL,Private,4 Year,29440,29440,42900,74100,53,7,29861.5,48186.36364,
9,University of South Alabama,Alabama,AL,Public,4 Year,17490,27360,44400,78200,64,6,29861.5,48186.36364,
13,Auburn University at Montgomery,Alabama,AL,Public,4 Year,17268,29028,45000,79600,61,12,29861.5,48186.36364,
15,Athens State University,Alabama,AL,Public,4 Year,6810,12870,45000,78800,51,9,29861.5,48186.36364,
19,University of Mobile,Alabama,AL,Private,4 Year,32420,32420,48500,89100,55,12,29861.5,48186.36364,
2,University of Alabama in Huntsville,Alabama,AL,Public,4 Year,20808,32456,48600,87200,57,17,29861.5,48186.36364,
14,Huntingdon College,Alabama,AL,Private,4 Year,37150,37150,49200,90900,51,18,29861.5,48186.36364,
18,University of North Alabama,Alabama,AL,Public,4 Year,19570,27880,49900,91600,55,23,29861.5,48186.36364,
6,Spring Hill College,Alabama,AL,Private,4 Year,52926,52926,50200,85400,52,24,29861.5,48186.36364,
15,Oakwood University,Alabama,AL,Private,4 Year,26032,26032,51300,93300,49,19,29861.5,48186.36364,
5,Samford University,Alabama,AL,Private,4 Year,42200,42200,53000,93900,50,6,29861.5,48186.36364,
17,University of West Alabama,Alabama,AL,Public,4 Year,18156,26606,53200,99400,50,22,29861.5,48186.36364,
1,Auburn University,Alabama,AL,Public,4 Year,24608,43856,54400,104500,51,31,29861.5,48186.36364,
11,Troy University,Alabama,AL,Public,4 Year,20645,31060,54900,102900,46,27,29861.5,48186.36364,
4,Tuskegee University,Alabama,AL,Private,4 Year,31820,31820,65200,118100,49,25,29861.5,48186.36364,
23,Judson College,Alabama,AL,Private,4 Year,29100,29100,67200,117100,57,31,29861.5,48186.36364,
3,Millsaps College,Mississippi,AL,Private,4 Year,18646,18646,41200,74900,63,5,29861.5,48186.36364,
18,Central Baptist College,Arkansas,AR,Private,4 Year,23700,23700,36900,68000,NA,3,28629.1875,47150,85293.75
14,University of the Ozarks,Arkansas,AR,Private,4 Year,31630,31630,39800,73800,63,8,28629.1875,47150,
3,University of Arkansas for Medical Sciences,Arkansas,AR,Public,4 Year,8197,15973,40500,70500,67,22,28629.1875,47150,
2,Hendrix College,Arkansas,AR,Private,4 Year,58074,58074,42900,79800,57,5,28629.1875,47150,
17,University of Arkansas at Pine Bluff,Arkansas,AR,Public,4 Year,15723,21975,43500,78300,61,2,28629.1875,47150,
19,Philander Smith College,Arkansas,AR,Private,4 Year,20664,20664,44200,78000,51,4,28629.1875,47150,
13,Arkansas Tech University,Arkansas,AR,Public,4 Year,16938,23718,45000,76900,54,7,28629.1875,47150,
12,University of Arkansas at Monticello,Arkansas,AR,Public,4 Year,14520,20370,45600,80800,55,13,28629.1875,47150,
15,Lyon College,Arkansas,AR,Private,4 Year,37920,37920,46100,85000,45,2,28629.1875,47150,
4,Harding University,Arkansas,AR,Private,4 Year,27179,27179,47500,85100,53,24,28629.1875,47150,
10,University of Central Arkansas,Arkansas,AR,Public,4 Year,15605,22128,49900,93600,59,31,28629.1875,47150,
10,Henderson State University,Arkansas,AR,Public,4 Year,15940,17590,52200,93500,56,15,28629.1875,47150,
7,University of Arkansas at Little Rock,Arkansas,AR,Public,4 Year,17896,30136,52500,98000,49,18,28629.1875,47150,
5,John Brown University,Arkansas,AR,Private,4 Year,36152,36152,55500,97600,86,1,28629.1875,47150,
1,University of Arkansas,Arkansas,AR,Public,4 Year,20150,36188,56100,101000,51,23,28629.1875,47150,
8,Ouachita Baptist University,Arkansas,AR,Private,4 Year,34670,34670,56200,104800,53,34,28629.1875,47150,
5,Arizona Christian University,Arizona,AZ,Private,4 Year,37470,37470,42600,76600,NA,7,40425.25,53250,94500
7,Prescott College,Arizona,AZ,Private,4 Year,39185,39185,48800,89900,57,14,40425.25,53250,
2,University of Arizona,Arizona,AZ,Public,4 Year,25037,48936,59100,101800,54,20,40425.25,53250,
4,Northern Arizona University,Arizona,AZ,Public,4 Year,21846,36110,62500,109700,46,40,40425.25,53250,
13,Pomona College,California,CA,Private,4 Year,69496,69496,47000,82200,50,6,57266.46667,56713.33333,101773.3333
11,University of Southern California,California,CA,Private,4 Year,71620,71620,47500,87900,56,8,57266.46667,56713.33333,
17,San Jose State University,California,CA,Public,4 Year,24238,33742,48400,90500,52,3,57266.46667,56713.33333,
1,Harvey Mudd College,California,CA,Private,4 Year,75003,75003,49200,88600,47,10,57266.46667,56713.33333,
21,Saint Mary's College of California,California,CA,Private,4 Year,62650,62650,49700,89300,54,15,57266.46667,56713.33333,
25,University of San Diego,California,CA,Private,4 Year,62338,62338,49900,88800,63,9,57266.46667,56713.33333,
4,Stanford University,California,CA,Private,4 Year,67117,67117,52900,95300,61,17,57266.46667,56713.33333,
20,Menlo College,California,CA,Private,4 Year,57025,57025,54800,92700,88,6,57266.46667,56713.33333,
23,University of San Francisco,California,CA,Private,4 Year,62896,62896,58900,109400,48,12,57266.46667,56713.33333,
6,Santa Clara University,California,CA,Private,4 Year,66621,66621,63000,114700,53,28,57266.46667,56713.33333,
9,Claremont McKenna College,California,CA,Private,4 Year,71110,71110,68500,125400,43,16,57266.46667,56713.33333,
5,Charles R Drew University of Medicine and Science,California,CA,Private,4 Year,17440,17440,78300,135700,NA,3,57266.46667,56713.33333,
3,California Institute of Technology,California,CA,Private,4 Year,67887,67887,84100,151600,53,97,57266.46667,56713.33333,
25,Lindsey Wilson College,Kentucky,CA,Private,4 Year,11040,11040,45100,78500,48,9,57266.46667,56713.33333,
5,Loyola University Maryland,Maryland,CA,Private,4 Year,63012,63012,53400,96000,45,15,57266.46667,56713.33333,
16,Adams State University,Colorado,CO,Public,4 Year,18222,29238,44400,81400,56,3,39578.42857,52578.57143,94635.71429
14,Western State Colorado University,Colorado,CO,Public,4 Year,19749,31221,44500,79300,50,5,39578.42857,52578.57143,
19,Nazarene Bible College,Colorado,CO,Private,4 Year,14700,14700,44800,79900,56,9,39578.42857,52578.57143,
13,Fort Lewis College,Colorado,CO,Public,4 Year,18918,29574,45100,79300,64,6,39578.42857,52578.57143,
17,Colorado Christian University,Colorado,CO,Private,4 Year,43712,43712,46800,80100,70,2,39578.42857,52578.57143,
12,University of Northern Colorado,Colorado,CO,Public,4 Year,20990,32678,47300,85600,51,8,39578.42857,52578.57143,
14,Colorado Mesa University,Colorado,CO,Public,4 Year,20168,33365,47800,81500,55,7,39578.42857,52578.57143,
11,Metropolitan State University of Denver,Colorado,CO,Public,4 Year,7665,20847,50200,85900,53,11,39578.42857,52578.57143,
5,Colorado College,Colorado,CO,Private,4 Year,67982,67982,53100,97900,48,23,39578.42857,52578.57143,
8,Regis University,Colorado,CO,Private,4 Year,48370,48370,56100,104900,44,26,39578.42857,52578.57143,
9,University of Colorado Colorado Springs,Colorado,CO,Public,4 Year,20963,35393,57800,109900,48,39,39578.42857,52578.57143,
4,University of Denver,Colorado,CO,Private,4 Year,63561,63561,58600,105400,43,22,39578.42857,52578.57143,
3,University of Colorado Boulder,Colorado,CO,Public,4 Year,26950,51704,64000,114200,41,22,39578.42857,52578.57143,
1,Colorado School of Mines,Colorado,CO,Public,4 Year,32133,51753,75600,139600,60,93,39578.42857,52578.57143,
9,Sacred Heart University,Connecticut,CT,Private,4 Year,56730,56730,34800,62400,76,32,49040.73684,51347.36842,91689.47368
15,Western Connecticut State University,Connecticut,CT,Public,4 Year,23891,35131,44700,77700,58,8,49040.73684,51347.36842,
3,Wesleyan University,Connecticut,CT,Private,4 Year,69974,69974,45400,77300,50,2,49040.73684,51347.36842,
1,Yale University,Connecticut,CT,Private,4 Year,69430,69430,46700,88200,63,35,49040.73684,51347.36842,
20,Southern Connecticut State University,Connecticut,CT,Public,4 Year,23735,34975,47500,84000,67,9,49040.73684,51347.36842,
17,Eastern Connecticut State University,Connecticut,CT,Public,4 Year,24916,36156,49200,87800,43,14,49040.73684,51347.36842,
18,Charter Oak State College,Connecticut,CT,Public,4 Year,10161,13101,49200,85900,68,2,49040.73684,51347.36842,
10,Quinnipiac University,Connecticut,CT,Private,4 Year,62500,62500,49400,86600,48,9,49040.73684,51347.36842,
18,Albertus Magnus College,Connecticut,CT,Private,4 Year,45260,45260,49700,85900,62,2,49040.73684,51347.36842,
13,University of Bridgeport,Connecticut,CT,Private,4 Year,46710,46710,51000,89600,56,2,49040.73684,51347.36842,
11,University of New Haven,Connecticut,CT,Private,4 Year,55170,55170,51900,90900,50,32,49040.73684,51347.36842,
6,University of Connecticut,Connecticut,CT,Public,4 Year,28604,50972,52200,90900,53,21,49040.73684,51347.36842,
12,Central Connecticut State University,Connecticut,CT,Public,4 Year,22792,34032,53100,93700,45,15,49040.73684,51347.36842,
7,University of Hartford,Connecticut,CT,Private,4 Year,53170,53170,54400,100700,45,14,49040.73684,51347.36842,
5,Trinity College,Connecticut,CT,Private,4 Year,71660,71660,55100,100300,56,26,49040.73684,51347.36842,
8,Connecticut College,Connecticut,CT,Private,4 Year,69970,69970,57500,100800,36,30,49040.73684,51347.36842,
14,University of Saint Joseph,Connecticut,CT,Private,4 Year,50601,50601,61100,112700,50,32,49040.73684,51347.36842,
4,Fairfield University,Connecticut,CT,Private,4 Year,63060,63060,62300,116900,41,17,49040.73684,51347.36842,
13,Midland University,Nebraska,CT,Public,2 Year,4404,13172,60400,109800,54,19,49040.73684,51347.36842,
2,Goldey-Beacom College,Delaware,DE,Private,4 Year,30700,30700,42700,76900,NA,0,31259.8,55320,100800
3,Delaware State University,Delaware,DE,Public,4 Year,20058,29094,46300,81900,62,10,31259.8,55320,
1,University of Delaware,Delaware,DE,Public,4 Year,26542,47172,57400,105000,44,33,31259.8,55320,
4,Wesley College,Delaware,DE,Private,4 Year,38123,38123,62700,112700,53,39,31259.8,55320,
5,Wilmington University,Delaware,DE,Private,4 Year,11210,11210,67500,127500,47,32,31259.8,55320,
18,Rollins College,Florida,FL,Private,4 Year,64495,64495,41400,73800,48,11,42760.94444,47688.88889,85733.33333
22,Lynn University,Florida,FL,Private,4 Year,50380,50380,41500,75100,49,8,42760.94444,47688.88889,
21,Stetson University,Florida,FL,Private,4 Year,59082,59082,42700,79100,73,7,42760.94444,47688.88889,
12,Jacksonville University,Florida,FL,Private,4 Year,50750,50750,43800,80000,61,7,42760.94444,47688.88889,
16,University of Central Florida,Florida,FL,Public,4 Year,15985,32084,44900,79800,52,8,42760.94444,47688.88889,
25,Florida Agricultural and Mechanical University,Florida,FL,Public,4 Year,16421,28362,45300,83600,53,39,42760.94444,47688.88889,
20,New College of Florida,Florida,FL,Public,4 Year,16183,39208,45700,80500,60,8,42760.94444,47688.88889,
6,University of Miami,Florida,FL,Private,4 Year,64334,64334,47200,85800,55,12,42760.94444,47688.88889,
24,Barry University,Florida,FL,Private,4 Year,40950,40950,47400,84400,66,12,42760.94444,47688.88889,
11,Florida Atlantic University,Florida,FL,Public,4 Year,17935,33491,48000,83900,62,8,42760.94444,47688.88889,
14,Nova Southeastern University,Florida,FL,Private,4 Year,44150,44150,48300,86400,58,3,42760.94444,47688.88889,
17,Eckerd College,Florida,FL,Private,4 Year,57128,57128,49200,88400,52,25,42760.94444,47688.88889,
3,Florida Institute of Technology,Florida,FL,Private,4 Year,54730,54730,49400,91200,51,15,42760.94444,47688.88889,
8,Florida State University,Florida,FL,Public,4 Year,17332,32499,49600,90100,51,16,42760.94444,47688.88889,
4,University of Florida,Florida,FL,Public,4 Year,16501,38778,50300,89900,54,17,42760.94444,47688.88889,
14,Adventist University of Health Sciences,Florida,FL,Private,4 Year,19350,19350,51600,89800,88,5,42760.94444,47688.88889,
19,University of North Florida,Florida,FL,Public,4 Year,16370,30088,53800,96000,54,16,42760.94444,47688.88889,
13,Florida International University,Florida,FL,Public,4 Year,17440,29838,58300,105400,53,48,42760.94444,47688.88889,
4,Morehouse College,Georgia,GA,Private,4 Year,41012,41012,41300,74900,56,9,37921.68182,49368.18182,89925
15,University of West Georgia,Georgia,GA,Public,4 Year,18210,31692,42700,76100,61,4,37921.68182,49368.18182,
25,Columbus State University,Georgia,GA,Public,4 Year,17080,30562,43300,77900,59,10,37921.68182,49368.18182,
24,Covenant College,Georgia,GA,Private,4 Year,44590,44590,44400,79400,62,19,37921.68182,49368.18182,
10,Spelman College,Georgia,GA,Private,4 Year,43179,43179,44800,79200,71,0,37921.68182,49368.18182,
12,Berry College,Georgia,GA,Private,4 Year,49326,49326,44900,84900,44,21,37921.68182,49368.18182,
8,Georgia Southern University,Georgia,GA,Public,4 Year,17492,30974,45000,81900,54,10,37921.68182,49368.18182,
14,Agnes Scott College,Georgia,GA,Private,4 Year,53490,53490,46000,83600,57,26,37921.68182,49368.18182,
23,Middle Georgia State University,Georgia,GA,Public,4 Year,13688,22648,46200,78500,60,1,37921.68182,49368.18182,
18,Clark Atlanta University,Georgia,GA,Private,4 Year,32960,32960,46300,81100,54,15,37921.68182,49368.18182,
16,Armstrong State University,Georgia,GA,Public,4 Year,17769,31251,46600,81500,60,10,37921.68182,49368.18182,
13,Augusta University,Georgia,GA,Public,4 Year,20398,39436,47000,84400,69,10,37921.68182,49368.18182,
22,Shorter University,Georgia,GA,Private,4 Year,31770,31770,47100,87100,48,12,37921.68182,49368.18182,
9,University of North Georgia,Georgia,GA,Public,4 Year,15212,29024,48800,86600,51,11,37921.68182,49368.18182,
5,Kennesaw State University,Georgia,GA,Public,4 Year,18899,32625,48900,83600,49,8,37921.68182,49368.18182,
7,Georgia State University,Georgia,GA,Public,4 Year,22236,40810,49000,88000,49,17,37921.68182,49368.18182,
19,Valdosta State University,Georgia,GA,Public,4 Year,15586,29068,51100,90600,57,12,37921.68182,49368.18182,
6,Oglethorpe University,Georgia,GA,Private,4 Year,51300,51300,53100,96800,47,21,37921.68182,49368.18182,
3,University of Georgia,Georgia,GA,Public,4 Year,21868,40442,55800,102800,52,29,37921.68182,49368.18182,
11,Mercer University,Georgia,GA,Private,4 Year,48510,48510,61900,112400,59,0,37921.68182,49368.18182,
2,Emory University,Georgia,GA,Private,4 Year,28428,28428,62000,110800,44,20,37921.68182,49368.18182,
21,Savannah College of Art and Design,Georgia,GA,Private,4 Year,51180,51180,69900,134700,44,29,37921.68182,49368.18182,
3,University of Hawaii at Manoa,Hawaii,HI,Public,4 Year,25659,47691,44000,77200,59,14,34341.4,51120,
4,Chaminade University of Honolulu,Hawaii,HI,Private,4 Year,39004,39004,45400,84000,55,3,34341.4,51120,
1,Brigham Young University-Hawaii,Hawaii,HI,Private,4 Year,12146,12146,51700,93900,57,12,34341.4,51120,
5,University of Hawaii at Hilo,Hawaii,HI,Public,4 Year,19126,32086,55200,101600,53,15,34341.4,51120,
2,Hawaii Pacific University,Hawaii,HI,Private,4 Year,40780,40780,59300,112300,47,36,34341.4,51120,
22,Mount Mercy University,Iowa,IA,Private,4 Year,41332,41332,41400,76500,67,5,42712.63636,49245.45455,
4,Grinnell College,Iowa,IA,Private,4 Year,65202,65202,42000,75200,57,2,42712.63636,49245.45455,
20,Clarke University,Iowa,IA,Private,4 Year,42950,42950,44900,80200,52,6,42712.63636,49245.45455,
13,Coe College,Iowa,IA,Private,4 Year,54480,54480,47200,86900,41,24,42712.63636,49245.45455,
3,University of Iowa,Iowa,IA,Public,4 Year,20439,42405,47300,84500,55,5,42712.63636,49245.45455,
15,University of Northern Iowa,Iowa,IA,Public,4 Year,17886,28428,47700,87100,52,7,42712.63636,49245.45455,
14,Luther College,Iowa,IA,Private,4 Year,51750,51750,47900,88600,47,4,42712.63636,49245.45455,
1,Iowa State University,Iowa,IA,Public,4 Year,17708,32112,47900,85600,55,8,42712.63636,49245.45455,
9,Central College,Iowa,IA,Private,4 Year,47575,47575,49000,88800,55,36,42712.63636,49245.45455,
12,Wartburg College,Iowa,IA,Private,4 Year,51276,51276,49400,85200,42,5,42712.63636,49245.45455,
6,Cornell College,Iowa,IA,Private,4 Year,51683,51683,49600,90600,47,22,42712.63636,49245.45455,
23,William Penn University,Iowa,IA,Private,4 Year,32552,32552,50500,90200,44,7,42712.63636,49245.45455,
18,Northwestern College,Iowa,IA,Private,4 Year,40300,40300,50900,89000,51,3,42712.63636,49245.45455,
8,Dordt College,Iowa,IA,Private,4 Year,40460,40460,51000,89600,57,17,42712.63636,49245.45455,
5,Allen College,Iowa,IA,Private,4 Year,27252,27252,51600,91300,NA,0,42712.63636,49245.45455,
21,University of Dubuque,Iowa,IA,Private,4 Year,44040,44040,51800,92800,57,13,42712.63636,49245.45455,
24,Upper Iowa University,Iowa,IA,Private,4 Year,38904,38904,52400,98800,58,25,42712.63636,49245.45455,
2,Drake University,Iowa,IA,Private,4 Year,51924,51924,52800,99900,49,7,42712.63636,49245.45455,
16,Maharishi University of Management,Iowa,IA,Private,4 Year,23930,23930,53600,100400,51,31,42712.63636,49245.45455,
11,Simpson College,Iowa,IA,Private,4 Year,47524,47524,54000,95500,39,2,42712.63636,49245.45455,
19,Morningside College,Iowa,IA,Private,4 Year,41140,41140,55700,98700,58,26,42712.63636,49245.45455,
3,Louisiana Tech University,Louisiana,IA,Private,4 Year,42459,42459,44800,79800,58,4,42712.63636,49245.45455,
3,Idaho State University,Idaho,ID,Public,4 Year,14627,30147,43300,77600,52,1,28536.83333,49066.66667,
6,Northwest Nazarene University,Idaho,ID,Private,4 Year,36700,36700,46900,85100,50,26,28536.83333,49066.66667,
7,Lewis-Clark State College,Idaho,ID,Public,4 Year,14198,26816,49700,89800,53,14,28536.83333,49066.66667,
4,Boise State University,Idaho,ID,Public,4 Year,18386,34468,50100,86400,55,14,28536.83333,49066.66667,
1,University of Idaho,Idaho,ID,Public,4 Year,16744,34380,50700,94800,48,29,28536.83333,49066.66667,
2,Brigham Young University-Idaho,Idaho,ID,Private,4 Year,8710,8710,53700,93500,59,14,28536.83333,49066.66667,
2,Northwestern University,Illinois,IL,For Profit,2 Year,30887,30887,42200,76800,55,11,44244.3,54780,
4,University of Chicago,Illinois,IL,Private,4 Year,74580,74580,44600,81900,51,4,44244.3,54780,
19,North Central College,Illinois,IL,Private,4 Year,49899,49899,45300,78800,62,8,44244.3,54780,
18,Lakeview College of Nursing,Illinois,IL,Private,4 Year,16320,16320,45900,83500,48,14,44244.3,54780,
14,Northern Illinois University,Illinois,IL,Public,4 Year,23142,23142,49600,90000,56,12,44244.3,54780,
25,Lewis University,Illinois,IL,Private,4 Year,43028,43028,50000,93200,51,12,44244.3,54780,
1,Illinois Institute of Technology,Illinois,IL,Private,4 Year,60058,60058,50800,91800,64,12,44244.3,54780,
5,Rush University,Illinois,IL,Private,4 Year,24900,24900,51100,91200,43,21,44244.3,54780,
12,Illinois Wesleyan University,Illinois,IL,Private,4 Year,58620,58620,51200,95000,47,10,44244.3,54780,
7,University of Illinois at Chicago,Illinois,IL,Public,4 Year,25838,39054,52300,97700,54,22,44244.3,54780,
20,Saint Xavier University,Illinois,IL,Private,4 Year,45220,45220,52900,95900,35,14,44244.3,54780,
6,Bradley University,Illinois,IL,Private,4 Year,44380,44380,55600,104900,46,38,44244.3,54780,
8,DePaul University,Illinois,IL,Private,4 Year,54210,54210,55700,102900,43,15,44244.3,54780,
23,Methodist College,Illinois,IL,Private,4 Year,28240,28240,56000,102500,50,13,44244.3,54780,
3,University of Illinois at Urbana-Champaign,Illinois,IL,Public,4 Year,26402,42972,56300,103800,48,31,44244.3,54780,
16,Illinois State University,Illinois,IL,Public,4 Year,24366,35890,64600,118500,47,64,44244.3,54780,
9,Lake Forest College,Illinois,IL,Private,4 Year,57454,57454,66500,122500,37,47,44244.3,54780,
15,Knox College,Illinois,IL,Private,4 Year,56424,56424,69900,125000,44,74,44244.3,54780,
17,Principia College,Illinois,IL,Private,4 Year,41080,41080,75200,139400,48,48,44244.3,54780,
9,Loyola University New Orleans,Louisiana,IL,Private,4 Year,58528,58528,59900,111200,40,8,44244.3,54780,
8,Valparaiso University,Indiana,IN,Private,4 Year,52120,52120,39900,68600,56,3,48624.15789,50394.73684,
16,Franklin College,Indiana,IN,Private,4 Year,41956,41956,42900,77600,58,18,48624.15789,50394.73684,
10,Taylor University,Indiana,IN,Private,4 Year,43728,43728,43300,77500,62,7,48624.15789,50394.73684,
11,University of Evansville,Indiana,IN,Private,4 Year,48876,48876,44200,79700,48,7,48624.15789,50394.73684,
6,Trine University,Indiana,IN,Private,4 Year,42985,42985,45300,81700,65,5,48624.15789,50394.73684,
22,Ball State University,Indiana,IN,Public,4 Year,20130,36702,45600,83700,48,7,48624.15789,50394.73684,
3,Wabash College,Indiana,IN,Private,4 Year,53500,53500,46800,81900,62,3,48624.15789,50394.73684,
2,University of Notre Dame,Indiana,IN,Private,4 Year,68801,68801,47100,85300,46,8,48624.15789,50394.73684,
1,Rose-Hulman Institute of Technology,Indiana,IN,Private,4 Year,64637,64637,49000,87000,53,7,48624.15789,50394.73684,
13,Earlham College,Indiana,IN,Private,4 Year,56850,56850,49100,88400,57,31,48624.15789,50394.73684,
17,Indiana State University,Indiana,IN,Public,4 Year,19680,30426,50000,84900,46,11,48624.15789,50394.73684,
7,Butler University,Indiana,IN,Private,4 Year,54950,54950,51800,99300,53,9,48624.15789,50394.73684,
18,Hanover College,Indiana,IN,Private,4 Year,49250,49250,52700,92600,61,12,48624.15789,50394.73684,
19,Indiana Institute of Technology,Indiana,IN,Private,4 Year,36920,36920,53100,96000,44,18,48624.15789,50394.73684,
12,Saint Mary's College,Indiana,IN,Private,4 Year,54800,54800,53200,91800,60,29,48624.15789,50394.73684,
5,DePauw University,Indiana,IN,Private,4 Year,62724,62724,56600,101000,47,24,48624.15789,50394.73684,
15,Holy Cross College,Indiana,IN,Private,4 Year,42320,42320,57300,110400,38,7,48624.15789,50394.73684,
21,University of Indianapolis,Indiana,IN,Private,4 Year,39976,39976,62600,115300,44,36,48624.15789,50394.73684,
20,Manchester University,Indiana,IN,Private,4 Year,42338,42338,67000,121800,65,48,48624.15789,50394.73684,
8,Pittsburg State University,Kansas,KS,Public,4 Year,15076,26420,34600,61200,NA,26,33972.83333,46955.55556,
25,Central Christian College of Kansas,Kansas,KS,Private,4 Year,34960,34960,37100,66100,NA,2,33972.83333,46955.55556,
18,MidAmerica Nazarene University,Kansas,KS,Private,4 Year,39444,39444,40700,74100,71,0,33972.83333,46955.55556,
6,Newman University,Kansas,KS,Private,4 Year,39050,39050,41200,74700,54,14,33972.83333,46955.55556,
2,Kansas State University,Kansas,KS,Public,4 Year,19943,35447,42500,77700,37,0,33972.83333,46955.55556,
17,Sterling College,Kansas,KS,Private,4 Year,34280,34280,42800,77200,47,6,33972.83333,46955.55556,
19,Emporia State University,Kansas,KS,Public,4 Year,15670,29587,43500,78000,60,9,33972.83333,46955.55556,
21,Friends University,Kansas,KS,Private,4 Year,36387,36387,43700,78200,54,9,33972.83333,46955.55556,
24,Manhattan Christian College,Kansas,KS,Private,4 Year,24942,24942,46900,84700,56,10,33972.83333,46955.55556,
1,University of Kansas,Kansas,KS,Public,4 Year,21498,37708,47600,85400,64,11,33972.83333,46955.55556,
10,Baker University,Kansas,KS,Private,4 Year,38240,38240,47800,84200,55,2,33972.83333,46955.55556,
3,Benedictine College,Kansas,KS,Private,4 Year,39830,39830,48700,91800,69,13,33972.83333,46955.55556,
12,Washburn University,Kansas,KS,Public,4 Year,17107,28177,49300,88000,49,34,33972.83333,46955.55556,
7,Wichita State University,Kansas,KS,Public,4 Year,19523,28704,49900,88800,52,18,33972.83333,46955.55556,
14,McPherson College,Kansas,KS,Private,4 Year,37739,37739,50200,88200,57,13,33972.83333,46955.55556,
15,Kansas Wesleyan University,Kansas,KS,Private,4 Year,39000,39000,52500,97200,51,18,33972.83333,46955.55556,
16,Fort Hays State University,Kansas,KS,Public,4 Year,13433,23501,58700,112500,38,10,33972.83333,46955.55556,
20,Tabor College,Kansas,KS,Private,4 Year,38095,38095,67500,123200,44,45,33972.83333,46955.55556,
24,Campbellsville University,Kentucky,KY,Private,4 Year,33400,33400,37600,66800,50,7,36316.45833,48087.5,
20,Asbury University,Kentucky,KY,Private,4 Year,37358,37358,39400,70800,59,4,36316.45833,48087.5,
19,Berea College,Kentucky,KY,Private,4 Year,46754,46754,39500,71600,53,27,36316.45833,48087.5,
18,Kentucky State University,Kentucky,KY,Public,4 Year,14780,26080,39600,70300,68,3,36316.45833,48087.5,
12,Murray State University,Kentucky,KY,Public,4 Year,18274,33730,40500,76400,82,0,36316.45833,48087.5,
14,Kentucky Wesleyan College,Kentucky,KY,Private,4 Year,36204,36204,40700,73100,57,13,36316.45833,48087.5,
10,Brescia University,Kentucky,KY,Private,4 Year,31600,31600,44300,81200,53,7,36316.45833,48087.5,
17,University of the Cumberlands,Kentucky,KY,Private,4 Year,32000,32000,45100,83900,56,11,36316.45833,48087.5,
11,Eastern Kentucky University,Kentucky,KY,Public,4 Year,18314,28092,45600,80700,56,5,36316.45833,48087.5,
5,University of Louisville,Kentucky,KY,Public,4 Year,20882,36504,48500,92500,65,7,36316.45833,48087.5,
3,Bellarmine University,Kentucky,KY,Private,4 Year,54450,54450,49000,90700,54,11,36316.45833,48087.5,
4,Centre College,Kentucky,KY,Private,4 Year,52180,52180,49500,88500,52,22,36316.45833,48087.5,
16,Morehead State University,Kentucky,KY,Public,4 Year,19130,23606,50800,95400,42,9,36316.45833,48087.5,
7,Transylvania University,Kentucky,KY,Private,4 Year,49210,49210,51200,91200,47,15,36316.45833,48087.5,
13,Spalding University,Kentucky,KY,Private,4 Year,32100,32100,51800,93500,51,19,36316.45833,48087.5,
2,Thomas More College,Kentucky,KY,Private,4 Year,39070,39070,52500,95600,54,0,36316.45833,48087.5,
22,Kentucky Christian University,Kentucky,KY,Private,4 Year,28090,28090,52500,94600,46,22,36316.45833,48087.5,
1,University of Kentucky,Kentucky,KY,Public,4 Year,25227,42081,53000,98600,52,16,36316.45833,48087.5,
6,Northern Kentucky University,Kentucky,KY,Public,4 Year,20054,29702,53000,95500,47,20,36316.45833,48087.5,
8,Western Kentucky University,Kentucky,KY,Public,4 Year,18945,34839,54500,91500,57,9,36316.45833,48087.5,
9,Georgetown College,Kentucky,KY,Private,4 Year,48430,48430,58900,105700,48,23,36316.45833,48087.5,
21,University of Pikeville,Kentucky,KY,Private,4 Year,28750,28750,72800,133900,41,21,36316.45833,48087.5,
25,Milligan College,Tennessee,KY,Private,4 Year,33130,33130,34800,65100,64,19,36316.45833,48087.5,
21,Longwood University,Virginia,KY,Private,4 Year,34235,34235,49000,84800,59,12,36316.45833,48087.5,
18,Loyola Marymount University,California,LA,Private,4 Year,22618,22618,53100,100700,57,24,26177.2,50773.33333,
12,Loyola University Chicago,Illinois,LA,Public,4 Year,16140,25053,58500,113300,39,9,26177.2,50773.33333,
15,Southeastern Louisiana University,Louisiana,LA,Public,4 Year,16585,29063,43700,79100,52,9,26177.2,50773.33333,
17,Dillard University,Louisiana,LA,Private,4 Year,28199,28199,44700,79800,74,20,26177.2,50773.33333,
22,Southern University at New Orleans,Louisiana,LA,Public,4 Year,18411,20200,46000,81200,54,6,26177.2,50773.33333,
10,Centenary College of Louisiana,Louisiana,LA,Private,4 Year,49980,49980,47000,88400,37,26,26177.2,50773.33333,
14,Nicholls State University,Louisiana,LA,Public,4 Year,17920,19013,48000,88500,66,11,26177.2,50773.33333,
5,University of Louisiana at Monroe,Louisiana,LA,Public,4 Year,16584,28684,48200,92500,52,19,26177.2,50773.33333,
21,Grambling State University,Louisiana,LA,Public,4 Year,14627,23650,49400,90600,42,11,26177.2,50773.33333,
11,McNeese State University,Louisiana,LA,Public,4 Year,16563,27638,51100,94600,54,6,26177.2,50773.33333,
13,University of Holy Cross,Louisiana,LA,Private,4 Year,17300,17300,51600,91600,56,18,26177.2,50773.33333,
5,University of Louisiana at Lafayette,Louisiana,LA,Public,4 Year,19132,32860,51700,96400,48,19,26177.2,50773.33333,
11,Xavier University of Louisiana,Louisiana,LA,Private,4 Year,33535,33535,51800,94000,46,7,26177.2,50773.33333,
7,University of New Orleans,Louisiana,LA,Public,4 Year,19629,24465,52100,94800,52,25,26177.2,50773.33333,
23,New Orleans Baptist Theological Seminary,Louisiana,LA,Private,4 Year,10400,10400,64700,120400,61,91,26177.2,50773.33333,
22,Midway University,Kentucky,MA,Public,2 Year,6450,12630,43800,78100,60,7,60670.13636,55159.09091,
5,Williams College,Massachusetts,MA,Private,4 Year,69950,69950,43900,78300,59,7,60670.13636,55159.09091,
16,Northeastern University,Massachusetts,MA,Private,4 Year,68267,68267,44500,77600,58,7,60670.13636,55159.09091,
6,MCPHS University,Massachusetts,MA,Private,4 Year,49105,49105,44500,80900,59,9,60670.13636,55159.09091,
18,Wellesley College,Massachusetts,MA,Private,4 Year,70200,70200,46500,83500,50,2,60670.13636,55159.09091,
1,Massachusetts Institute of Technology,Massachusetts,MA,Private,4 Year,67342,67342,46800,80100,53,2,60670.13636,55159.09091,
19,Stonehill College,Massachusetts,MA,Private,4 Year,58746,58746,47400,85800,49,16,60670.13636,55159.09091,
7,Tufts University,Massachusetts,MA,Private,4 Year,70942,70942,47900,85800,48,16,60670.13636,55159.09091,
22,Merrimack College,Massachusetts,MA,Private,4 Year,57605,57605,48500,85100,62,14,60670.13636,55159.09091,
24,Smith College,Massachusetts,MA,Private,4 Year,69924,69924,49900,88600,47,17,60670.13636,55159.09091,
20,Western New England University,Massachusetts,MA,Private,4 Year,50394,50394,50900,92200,47,16,60670.13636,55159.09091,
3,Worcester Polytechnic Institute,Massachusetts,MA,Private,4 Year,65304,65304,51300,96600,51,28,60670.13636,55159.09091,
23,Clark University,Massachusetts,MA,Private,4 Year,54900,54900,52600,101400,47,14,60670.13636,55159.09091,
15,Wentworth Institute of Technology,Massachusetts,MA,Private,4 Year,48140,48140,58900,106200,48,34,60670.13636,55159.09091,
14,Brandeis University,Massachusetts,MA,Private,4 Year,70835,70835,60600,113200,48,29,60670.13636,55159.09091,
13,Boston University,Massachusetts,MA,Private,4 Year,69668,69668,61400,113600,43,25,60670.13636,55159.09091,
12,College of the Holy Cross,Massachusetts,MA,Private,4 Year,67290,67290,61800,114600,46,24,60670.13636,55159.09091,
11,Boston College,Massachusetts,MA,Private,4 Year,69942,69942,63600,115400,43,13,60670.13636,55159.09091,
10,Amherst College,Massachusetts,MA,Private,4 Year,71166,71166,63800,116500,45,32,60670.13636,55159.09091,
9,Bentley University,Massachusetts,MA,Private,4 Year,66200,66200,66600,116600,36,7,60670.13636,55159.09091,
4,Babson College,Massachusetts,MA,Private,4 Year,67416,67416,72000,133800,37,0,60670.13636,55159.09091,
8,Massachusetts Maritime Academy,Massachusetts,MA,Public,4 Year,22399,38777,86300,155200,52,69,60670.13636,55159.09091,
16,Towson University,Maryland,MD,Public,4 Year,22974,36242,36900,66400,69,18,46555.52941,51700,
12,McDaniel College,Maryland,MD,Private,4 Year,54690,54690,43700,81300,44,10,46555.52941,51700,
21,Frostburg State University,Maryland,MD,Public,4 Year,19374,33094,44700,76500,59,14,46555.52941,51700,
24,Maryland Institute College of Art,Maryland,MD,Private,4 Year,61910,61910,45000,79700,50,12,46555.52941,51700,
3,Johns Hopkins University,Maryland,MD,Private,4 Year,70076,70076,45100,82100,NA,0,46555.52941,51700,
7,St. John's College,Maryland,MD,Private,4 Year,65820,65820,46600,89100,53,12,46555.52941,51700,
10,Washington Adventist University,Maryland,MD,Private,4 Year,33270,33270,47000,83000,54,4,46555.52941,51700,
13,Mount St. Mary's University,Maryland,MD,Private,4 Year,54425,54425,47200,79000,51,4,46555.52941,51700,
25,Hood College,Maryland,MD,Private,4 Year,52192,52192,48100,87800,NA,0,46555.52941,51700,
19,Salisbury University,Maryland,MD,Public,4 Year,21774,31476,49400,91200,60,10,46555.52941,51700,
18,Bowie State University,Maryland,MD,Public,4 Year,19137,29777,50300,89900,65,11,46555.52941,51700,
20,University of Baltimore,Maryland,MD,Public,4 Year,8958,21076,51700,89100,84,3,46555.52941,51700,
23,Notre Dame of Maryland University,Maryland,MD,Private,4 Year,48750,48750,57000,99100,51,20,46555.52941,51700,
17,Goucher College,Maryland,MD,Private,4 Year,58806,58806,57800,107600,51,19,46555.52941,51700,
14,Washington College,Maryland,MD,Private,4 Year,59392,59392,65900,123200,40,18,46555.52941,51700,
2,Capitol Technology University,Maryland,MD,Private,4 Year,31136,31136,67400,118400,63,88,46555.52941,51700,
15,Stevenson University,Maryland,MD,Private,4 Year,49312,49312,75100,139900,47,79,46555.52941,51700,
1,Maine Maritime Academy,Maine,ME,Public,4 Year,23788,37408,36300,64600,37,0,41647.34188,50201.7094,
14,University of Maine at Presque Isle,Maine,ME,Public,4 Year,16441,20641,37100,66200,47,13,41647.34188,50201.7094,
11,University of Maine at Fort Kent,Maine,ME,Public,4 Year,16335,20535,41100,71700,64,5,41647.34188,50201.7094,
13,University of Maine at Farmington,Maine,ME,Public,4 Year,19392,29504,41600,73100,61,7,41647.34188,50201.7094,
10,Husson University,Maine,ME,Private,4 Year,28010,28010,42400,78900,69,14,41647.34188,50201.7094,
16,University of Maine at Machias,Maine,ME,Public,4 Year,16326,23586,43500,76300,73,5,41647.34188,50201.7094,
15,Unity College,Maine,ME,Private,4 Year,39870,39870,46400,83000,59,6,41647.34188,50201.7094,
17,Maine College of Art,Maine,ME,Private,4 Year,46890,46890,46800,85200,NA,65,41647.34188,50201.7094,
5,University of Maine,Maine,ME,Public,4 Year,21588,41388,49500,87600,50,18,41647.34188,50201.7094,
7,Saint Joseph's College of Maine,Maine,ME,Private,4 Year,49330,49330,51600,91600,50,15,41647.34188,50201.7094,
12,University of Maine at Augusta,Maine,ME,Public,4 Year,7988,17918,52000,95000,50,24,41647.34188,50201.7094,
6,University of New England,Maine,ME,Private,4 Year,51610,51610,53400,93000,79,6,41647.34188,50201.7094,
4,Colby College,Maine,ME,Private,4 Year,69400,69400,59200,103300,50,25,41647.34188,50201.7094,
3,Bates College,Maine,ME,Private,4 Year,69018,69018,59500,111900,50,23,41647.34188,50201.7094,
2,Bowdoin College,Maine,ME,Private,4 Year,68620,68620,61300,112000,54,37,41647.34188,50201.7094,
8,Thomas College,Maine,ME,Private,4 Year,38150,38150,63800,116500,33,0,41647.34188,50201.7094,
9,University of Southern Maine,Maine,ME,Public,4 Year,18970,32230,64500,120600,47,23,41647.34188,50201.7094,
8,Kalamazoo College,Michigan,MI,Private,4 Year,58272,58272,37900,67600,65,13,38505.86364,49659.09091,
12,Wayne State University,Michigan,MI,Public,4 Year,23774,38668,40600,73400,54,11,38505.86364,49659.09091,
11,Western Michigan University,Michigan,MI,Public,4 Year,22626,25516,45500,83100,49,10,38505.86364,49659.09091,
4,Lawrence Technological University,Michigan,MI,Private,4 Year,43520,43520,46500,81500,66,8,38505.86364,49659.09091,
18,Eastern Michigan University,Michigan,MI,Public,4 Year,23813,23813,47300,86700,50,6,38505.86364,49659.09091,
22,Cleary University,Michigan,MI,Private,4 Year,29850,29850,47400,84700,50,0,38505.86364,49659.09091,
21,Andrews University,Michigan,MI,Private,4 Year,38366,38366,47600,85000,51,7,38505.86364,49659.09091,
23,Central Michigan University,Michigan,MI,Public,4 Year,23036,23036,47700,83600,46,13,38505.86364,49659.09091,
14,Hope College,Michigan,MI,Private,4 Year,44320,44320,47900,82600,49,32,38505.86364,49659.09091,
15,Alma College,Michigan,MI,Private,4 Year,51256,51256,48400,89900,52,15,38505.86364,49659.09091,
5,Michigan State University,Michigan,MI,Public,4 Year,24782,50087,49400,87200,51,11,38505.86364,49659.09091,
13,Calvin College,Michigan,MI,Private,4 Year,44800,44800,50200,91100,54,23,38505.86364,49659.09091,
9,Oakland University,Michigan,MI,Public,4 Year,22706,34330,50200,89800,60,9,38505.86364,49659.09091,
16,College for Creative Studies,Michigan,MI,Private,4 Year,52910,52910,51200,89800,40,0,38505.86364,49659.09091,
7,Albion College,Michigan,MI,Private,4 Year,58155,58155,52100,99300,44,23,38505.86364,49659.09091,
17,Ferris State University,Michigan,MI,Public,4 Year,22524,22524,53200,98200,51,10,38505.86364,49659.09091,
20,Walsh College of Accountancy and Business Administration,Michigan,MI,Private,4 Year,17625,17625,53700,97800,54,22,38505.86364,49659.09091,
1,Kettering University,Michigan,MI,Private,4 Year,51730,51730,54300,95800,NA,0,38505.86364,49659.09091,
25,Saginaw Valley State University,Michigan,MI,Public,4 Year,20494,34401,55000,100500,46,15,38505.86364,49659.09091,
2,Michigan Technological University,Michigan,MI,Public,4 Year,26402,44482,55300,100800,46,20,38505.86364,49659.09091,
24,Lake Superior State University,Michigan,MI,Public,4 Year,21972,21972,55400,102600,46,21,38505.86364,49659.09091,
10,University of Detroit Mercy,Michigan,MI,Private,4 Year,37496,37496,55700,105100,48,12,38505.86364,49659.09091,
6,Macalester College,Minnesota,MN,Private,4 Year,66500,66500,41200,74300,53,33,44596.75,51850,
16,Winona State University,Minnesota,MN,Public,4 Year,18435,24358,45100,76600,50,4,44596.75,51850,
20,Metropolitan State University,Minnesota,MN,Public,4 Year,7879,14980,45800,80500,58,9,44596.75,51850,
12,Augsburg University,Minnesota,MN,Private,4 Year,49080,49080,50500,91000,52,11,44596.75,51850,
7,Gustavus Adolphus College,Minnesota,MN,Private,4 Year,55310,55310,54400,98400,53,29,44596.75,51850,
11,Saint Cloud State University,Minnesota,MN,Public,4 Year,17812,26046,56400,100300,59,11,44596.75,51850,
1,Carleton College,Minnesota,MN,Private,4 Year,68844,68844,58800,109900,47,45,44596.75,51850,
14,Hamline University,Minnesota,MN,Private,4 Year,51656,51656,62600,108100,45,25,44596.75,51850,
1,Missouri University of Science and Technology,Missouri,MO,Public,4 Year,20443,38773,32500,61900,70,11,33137.61111,48888.88889,
6,William Jewell College,Missouri,MO,Private,4 Year,44330,44330,41100,71800,61,6,33137.61111,48888.88889,
21,Lindenwood University,Missouri,MO,Public,4 Year,14700,21240,42100,76500,57,10,33137.61111,48888.88889,
19,Drury University,Missouri,MO,Private,4 Year,36461,36461,42600,79400,60,12,33137.61111,48888.88889,
18,Maryville University of Saint Louis,Missouri,MO,Private,4 Year,38558,38558,42800,75300,68,16,33137.61111,48888.88889,
12,Truman State University,Missouri,MO,Public,4 Year,16509,23361,44500,81500,60,8,33137.61111,48888.88889,
13,Northwest Missouri State University,Missouri,MO,Public,4 Year,19821,26473,45200,81100,62,5,33137.61111,48888.88889,
17,Avila University,Missouri,MO,Private,4 Year,27100,27100,45900,81200,68,3,33137.61111,48888.88889,
7,Rockhurst University,Missouri,MO,Private,4 Year,47790,47790,48500,85100,53,18,33137.61111,48888.88889,
16,University of Central Missouri,Missouri,MO,Public,4 Year,16439,23208,49700,88600,50,16,33137.61111,48888.88889,
14,Park University,Missouri,MO,Private,4 Year,20850,20850,50200,94000,66,8,33137.61111,48888.88889,
20,Southeast Missouri State University,Missouri,MO,Public,4 Year,16353,22090,50500,91900,58,18,33137.61111,48888.88889,
22,Kansas City Art Institute,Missouri,MO,Private,4 Year,48800,48800,51600,94500,52,31,33137.61111,48888.88889,
15,Webster University,Missouri,MO,Private,4 Year,38950,38950,53900,94000,60,8,33137.61111,48888.88889,
4,Saint Louis University,Missouri,MO,Private,4 Year,56174,56174,57300,105100,41,6,33137.61111,48888.88889,
22,Missouri Western State University,Missouri,MO,Public,4 Year,6466,14137,67300,122600,50,80,33137.61111,48888.88889,
24,Stephens College,Missouri,MO,Private,4 Year,41582,41582,79000,145200,56,51,33137.61111,48888.88889,
9,Lipscomb University,Tennessee,MO,Private,4 Year,26600,26600,35300,64100,52,2,33137.61111,48888.88889,
24,Minneapolis College of Art and Design,Minnesota,MS,Private,4 Year,53640,53640,65700,117600,50,69,24711.64286,49478.57143,
14,Mississippi Valley State University,Mississippi,MS,Public,4 Year,14613,14613,39500,69500,63,2,24711.64286,49478.57143,
8,Delta State University,Mississippi,MS,Public,4 Year,14968,14968,40800,74200,63,5,24711.64286,49478.57143,
10,Alcorn State University,Mississippi,MS,Public,4 Year,16752,16752,40900,69500,67,19,24711.64286,49478.57143,
7,Belhaven University,Mississippi,MS,Private,4 Year,33800,33800,41200,74300,60,2,24711.64286,49478.57143,
5,Mississippi College,Mississippi,MS,Private,4 Year,28326,28326,44500,74100,55,7,24711.64286,49478.57143,
1,Mississippi State University,Mississippi,MS,Public,4 Year,18850,33450,45200,79500,57,20,24711.64286,49478.57143,
4,University of Southern Mississippi,Mississippi,MS,Public,4 Year,18591,20591,46900,81300,55,8,24711.64286,49478.57143,
12,Tougaloo College,Mississippi,MS,Private,4 Year,17433,17433,48900,88300,NA,0,24711.64286,49478.57143,
10,Mississippi University for Women,Mississippi,MS,Public,4 Year,14464,14464,51100,94100,57,27,24711.64286,49478.57143,
9,William Carey University,Mississippi,MS,Private,4 Year,19410,19410,52200,97700,49,14,24711.64286,49478.57143,
6,Jackson State University,Mississippi,MS,Public,4 Year,17778,29006,56100,101300,48,31,24711.64286,49478.57143,
2,University of Mississippi,Mississippi,MS,Public,4 Year,19356,35310,56200,99600,48,22,24711.64286,49478.57143,
13,Rust College,Mississippi,MS,Private,4 Year,14200,14200,63500,107600,88,6,24711.64286,49478.57143,
3,Carroll College,Montana,MT,Private,4 Year,45366,45366,48200,91400,55,25,37346.75,52025,
2,Montana State University,Montana,MT,Public,4 Year,17521,34949,52200,93200,44,13,37346.75,52025,
1,Montana Tech of the University of Montana,Montana,MT,Public,4 Year,17067,32230,53700,96200,54,31,37346.75,52025,
5,Rocky Mountain College,Montana,MT,Private,4 Year,36842,36842,54000,92500,59,11,37346.75,52025,
12,High Point University,North-Carolina,NC,Private,4 Year,49248,49248,41100,73600,NA,17,42513.04762,51152.38095,
24,Barton College,North-Carolina,NC,Private,4 Year,41000,41000,42400,77900,62,6,42513.04762,51152.38095,
22,Catawba College,North-Carolina,NC,Private,4 Year,41008,41008,42500,78100,58,11,42513.04762,51152.38095,
23,Pfeiffer University,North-Carolina,NC,Private,4 Year,41460,41460,42600,74800,50,6,42513.04762,51152.38095,
5,University of North Carolina at Chapel Hill,North-Carolina,NC,Public,4 Year,20177,46360,43000,75600,61,6,42513.04762,51152.38095,
21,North Carolina Wesleyan College,North-Carolina,NC,Private,4 Year,41800,41800,44500,84300,53,5,42513.04762,51152.38095,
16,Campbell University,North-Carolina,NC,Private,4 Year,43930,43930,46300,82400,56,8,42513.04762,51152.38095,
15,Appalachian State University,North-Carolina,NC,Public,4 Year,15518,30325,46600,82700,47,9,42513.04762,51152.38095,
14,Belmont Abbey College,North-Carolina,NC,Private,4 Year,28855,28855,46700,82900,49,7,42513.04762,51152.38095,
25,Western Carolina University,North-Carolina,NC,Public,4 Year,13902,17902,47000,85200,53,21,42513.04762,51152.38095,
11,East Carolina University,North-Carolina,NC,Public,4 Year,16794,33071,48400,85400,55,11,42513.04762,51152.38095,
19,Methodist University,North-Carolina,NC,Private,4 Year,46736,46736,51400,90500,NA,0,42513.04762,51152.38095,
18,John Wesley University,North-Carolina,NC,Private,4 Year,16930,16930,51600,97300,39,16,42513.04762,51152.38095,
16,University of North Carolina School of the Arts,North-Carolina,NC,Public,4 Year,18379,34522,52500,92600,49,25,42513.04762,51152.38095,
6,Elon University,North-Carolina,NC,Private,4 Year,47549,47549,53600,93700,43,7,42513.04762,51152.38095,
8,University of North Carolina at Charlotte,North-Carolina,NC,Public,4 Year,18144,31578,55000,100800,49,19,42513.04762,51152.38095,
3,Davidson College,North-Carolina,NC,Private,4 Year,65819,65819,57300,106900,50,28,42513.04762,51152.38095,
9,Queens University of Charlotte,North-Carolina,NC,Private,4 Year,45544,45544,58900,106900,44,11,42513.04762,51152.38095,
2,Wake Forest University,North-Carolina,NC,Private,4 Year,69354,69354,62200,114400,40,34,42513.04762,51152.38095,
10,Lenoir-Rhyne University,North-Carolina,NC,Private,4 Year,48910,48910,69500,134100,45,52,42513.04762,51152.38095,
1,Duke University,North-Carolina,NC,Private,4 Year,70873,70873,71100,132100,50,26,42513.04762,51152.38095,
6,University of Mary,North-Dakota,ND,Private,4 Year,25610,25610,39000,70700,58,6,25638,48212.5,
8,Valley City State University,North-Dakota,ND,Public,4 Year,14072,23612,43400,81000,57,7,25638,48212.5,
2,University of North Dakota,North-Dakota,ND,Public,4 Year,17669,29733,46400,82400,44,0,25638,48212.5,
5,Dickinson State University,North-Dakota,ND,Public,4 Year,13663,16442,46400,81200,55,8,25638,48212.5,
7,Minot State University,North-Dakota,ND,Public,4 Year,13674,13674,47400,84700,39,0,25638,48212.5,
3,University of Jamestown,North-Dakota,ND,Private,4 Year,29546,29546,54100,99400,48,16,25638,48212.5,
4,Mayville State University,North-Dakota,ND,Public,4 Year,14506,17239,67900,117500,53,47,25638,48212.5,
25,Miles College,Alabama,NE,Private,4 Year,41334,41334,39200,70300,53,3,29389.18182,50390.90909,
12,Nebraska Wesleyan University,Nebraska,NE,Private,4 Year,43824,43824,33600,60100,NA,0,29389.18182,50390.90909,
16,Chadron State College,Nebraska,NE,Public,4 Year,14576,14576,42300,76700,66,3,29389.18182,50390.90909,
14,College of Saint Mary,Nebraska,NE,Private,4 Year,28050,28050,43900,77700,45,9,29389.18182,50390.90909,
3,University of Nebraska Medical Center,Nebraska,NE,Public,4 Year,11558,28898,48300,88500,41,19,29389.18182,50390.90909,
17,Peru State College,Nebraska,NE,Public,4 Year,15462,15492,48500,85000,56,7,29389.18182,50390.90909,
10,Bellevue University,Nebraska,NE,Private,4 Year,18120,18120,49400,84800,57,23,29389.18182,50390.90909,
4,Clarkson College,Nebraska,NE,Private,4 Year,22318,22318,50900,91500,74,0,29389.18182,50390.90909,
2,Creighton University,Nebraska,NE,Private,4 Year,50952,50952,53500,95800,56,9,29389.18182,50390.90909,
18,Wayne State College,Nebraska,NE,Public,4 Year,14657,19967,55900,103700,50,20,29389.18182,50390.90909,
8,Hastings College,Nebraska,NE,Private,4 Year,39750,39750,88800,158200,55,85,29389.18182,50390.90909,
13,Granite State College,New-Hampshire,NH,Public,4 Year,9645,10875,43100,73100,66,10,42950.41667,49283.33333,
11,Southern New Hampshire University,New-Hampshire,NH,Private,4 Year,44256,44256,46100,81000,62,5,42950.41667,49283.33333,
8,Rivier University,New-Hampshire,NH,Private,4 Year,44316,44316,46300,89600,60,26,42950.41667,49283.33333,
9,Colby-Sawyer College,New-Hampshire,NH,Private,4 Year,56662,56662,46400,83700,43,7,42950.41667,49283.33333,
2,Saint Anselm College,New-Hampshire,NH,Private,4 Year,55700,55700,46400,82200,54,12,42950.41667,49283.33333,
12,Plymouth State University,New-Hampshire,NH,Public,4 Year,25199,33869,47100,84900,51,8,42950.41667,49283.33333,
6,New England College,New-Hampshire,NH,Private,4 Year,52136,52136,47300,86500,40,4,42950.41667,49283.33333,
10,Keene State College,New-Hampshire,NH,Public,4 Year,25238,34202,48200,90000,51,10,42950.41667,49283.33333,
7,Franklin Pierce University,New-Hampshire,NH,Private,4 Year,50245,50245,48900,86200,45,21,42950.41667,49283.33333,
5,Thomas More College of Liberal Arts,New-Hampshire,NH,Private,4 Year,31300,31300,50000,90900,56,8,42950.41667,49283.33333,
4,University of New Hampshire at Manchester,New-Hampshire,NH,Public,4 Year,15265,30635,50100,91500,69,7,42950.41667,49283.33333,
1,Dartmouth College,New-Hampshire,NH,Private,4 Year,71209,71209,71500,130900,44,35,42950.41667,49283.33333,
11,Felician University,New-Jersey,NJ,Private,4 Year,47195,47195,39400,71300,61,2,43899.10526,52426.31579,
2,Princeton University,New-Jersey,NJ,Private,4 Year,65620,65620,41200,73500,69,0,43899.10526,52426.31579,
18,Monmouth University,New-Jersey,NJ,Private,4 Year,52119,52119,43400,77700,53,14,43899.10526,52426.31579,
22,Kean University,New-Jersey,NJ,Public,4 Year,26818,33853,44700,79400,61,10,43899.10526,52426.31579,
13,Thomas Edison State University,New-Jersey,NJ,Public,4 Year,7519,9967,46100,81500,49,3,43899.10526,52426.31579,
1,Stevens Institute of Technology,New-Jersey,NJ,Private,4 Year,67446,67446,47000,86000,44,7,43899.10526,52426.31579,
23,Bloomfield College,New-Jersey,NJ,Private,4 Year,41500,41500,48400,89100,55,17,43899.10526,52426.31579,
3,New Jersey Institute of Technology,New-Jersey,NJ,Public,4 Year,30938,46350,48700,87600,55,9,43899.10526,52426.31579,
15,Ramapo College of New Jersey,New-Jersey,NJ,Public,4 Year,26824,36165,48900,82900,53,10,43899.10526,52426.31579,
25,Stockton University,New-Jersey,NJ,Public,4 Year,26021,33148,50400,91600,51,15,43899.10526,52426.31579,
21,William Paterson University of New Jersey,New-Jersey,NJ,Public,4 Year,24505,32705,51400,94500,60,12,43899.10526,52426.31579,
24,New Jersey City University,New-Jersey,NJ,Public,4 Year,24789,34311,51700,93200,44,14,43899.10526,52426.31579,
16,Drew University,New-Jersey,NJ,Private,4 Year,53608,53608,52800,95000,37,16,43899.10526,52426.31579,
12,Saint Peter's University,New-Jersey,NJ,Private,4 Year,52900,52900,52900,98500,40,18,43899.10526,52426.31579,
5,Seton Hall University,New-Jersey,NJ,Private,4 Year,58270,58270,60600,113700,59,12,43899.10526,52426.31579,
14,Montclair State University,New-Jersey,NJ,Public,4 Year,28354,36142,61200,112600,64,61,43899.10526,52426.31579,
6,The College of New Jersey,New-Jersey,NJ,Public,4 Year,30168,41883,61300,104900,86,3,43899.10526,52426.31579,
8,Rider University,New-Jersey,NJ,Private,4 Year,56010,56010,71000,129500,50,45,43899.10526,52426.31579,
20,Rowan University,New-Jersey,NJ,Public,4 Year,26249,34891,75000,135800,51,96,43899.10526,52426.31579,
1,New Mexico Institute of Mining and Technology,New-Mexico,NM,Public,4 Year,16280,30778,40400,73800,63,4,24439.66667,53800,
5,Western New Mexico University,New-Mexico,NM,Public,4 Year,15960,24367,56400,103000,44,21,24439.66667,53800,
6,New Mexico Highlands University,New-Mexico,NM,Public,4 Year,14022,18174,64600,121300,51,75,24439.66667,53800,
1,Sierra Nevada College,Nevada,NV,Private,4 Year,47598,47598,45600,79900,55,6,47598,47598,
13,New York University,New-York,NY,Private,4 Year,69984,69984,33900,61500,NA,0,60285.52941,58458.82353,
12,Manhattan College,New-York,NY,Private,4 Year,59680,59680,39400,72200,NA,0,60285.52941,58458.82353,
18,Hofstra University,New-York,NY,Private,4 Year,62708,62708,48600,84300,50,8,60285.52941,58458.82353,
17,Fordham University,New-York,NY,Private,4 Year,70656,70656,50800,92700,49,18,60285.52941,58458.82353,
3,Webb Institute,New-York,NY,Private,4 Year,65225,65225,50800,91700,53,21,60285.52941,58458.82353,
23,Hamilton College,New-York,NY,Private,4 Year,68490,68490,51200,96800,47,22,60285.52941,58458.82353,
6,Rensselaer Polytechnic Institute,New-York,NY,Private,4 Year,69140,69140,55500,94800,58,13,60285.52941,58458.82353,
21,SUNY Downstate Medical Center,New-York,NY,Public,4 Year,7481,16931,55900,103200,42,18,60285.52941,58458.82353,
19,Barnard College,New-York,NY,Private,4 Year,72257,72257,59200,109800,57,19,60285.52941,58458.82353,
16,University of Rochester,New-York,NY,Private,4 Year,69864,69864,59800,107500,48,13,60285.52941,58458.82353,
4,SUNY Maritime College,New-York,NY,Public,4 Year,20805,30585,64000,109300,83,0,60285.52941,58458.82353,
8,Clarkson University,New-York,NY,Private,4 Year,64352,64352,66400,130100,58,58,60285.52941,58458.82353,
7,Colgate University,New-York,NY,Private,4 Year,69865,69865,68400,130600,41,26,60285.52941,58458.82353,
11,Cooper Union for the Advancement of Science and Art,New-York,NY,Private,4 Year,63338,63338,68500,126200,46,56,60285.52941,58458.82353,
9,Cornell University,New-York,NY,Private,4 Year,70004,70004,70100,128200,45,43,60285.52941,58458.82353,
15,Yeshiva University,New-York,NY,Private,4 Year,55750,55750,70300,138300,53,22,60285.52941,58458.82353,
1,Albany College of Pharmacy and Health Sciences,New-York,NY,Private,4 Year,46025,46025,81000,144800,82,2,60285.52941,58458.82353,
9,Ohio Wesleyan University,Ohio,OH,Private,4 Year,58190,58190,38800,71100,81,1,48052.5,51837.5,
22,University of Mount Union,Ohio,OH,Private,4 Year,41460,41460,38900,70700,49,7,48052.5,51837.5,
7,Kenyon College,Ohio,OH,Private,4 Year,68440,68440,42100,76800,65,14,48052.5,51837.5,
13,Oberlin College,Ohio,OH,Private,4 Year,71392,71392,43500,78800,71,16,48052.5,51837.5,
8,Mount Carmel College of Nursing,Ohio,OH,Private,4 Year,18907,18907,44900,82100,60,6,48052.5,51837.5,
3,Wittenberg University,Ohio,OH,Private,4 Year,49856,49856,46200,82500,45,10,48052.5,51837.5,
11,John Carroll University,Ohio,OH,Private,4 Year,53214,53214,47000,82700,53,9,48052.5,51837.5,
21,Cleveland State University,Ohio,OH,Public,4 Year,24185,28552,48300,88600,51,20,48052.5,51837.5,
6,Ohio Northern University,Ohio,OH,Private,4 Year,43910,43910,52400,91400,50,12,48052.5,51837.5,
4,University of Dayton,Ohio,OH,Private,4 Year,56480,56480,53000,96400,49,16,48052.5,51837.5,
5,Denison University,Ohio,OH,Private,4 Year,64670,64670,54400,104800,45,22,48052.5,51837.5,
14,Kettering College,Ohio,OH,Private,4 Year,20300,20300,55000,103800,50,17,48052.5,51837.5,
18,University of Toledo,Ohio,OH,Public,4 Year,21229,30567,60700,115200,72,12,48052.5,51837.5,
15,Marietta College,Ohio,OH,Private,4 Year,47360,47360,64000,125700,46,40,48052.5,51837.5,
1,Case Western Reserve University,Ohio,OH,Private,4 Year,64232,64232,66600,117800,44,37,48052.5,51837.5,
16,Xavier University,Ohio,OH,Private,4 Year,51310,51310,73600,135500,47,86,48052.5,51837.5,
15,Oklahoma Wesleyan University,Oklahoma,OK,Private,4 Year,35600,35600,42300,74400,54,10,27925.26316,49368.42105,
11,Langston University,Oklahoma,OK,Public,4 Year,15426,22776,42600,77100,54,9,27925.26316,49368.42105,
6,Southwestern Oklahoma State University,Oklahoma,OK,Public,4 Year,12865,19765,42900,74600,52,5,27925.26316,49368.42105,
7,Oklahoma Christian University,Oklahoma,OK,Private,4 Year,30950,30950,43900,76600,62,8,27925.26316,49368.42105,
11,Cameron University,Oklahoma,OK,Public,4 Year,11902,21322,43900,81500,54,14,27925.26316,49368.42105,
17,East Central University,Oklahoma,OK,Public,4 Year,12324,23214,44700,77500,66,9,27925.26316,49368.42105,
18,Northwestern Oklahoma State University,Oklahoma,OK,Public,4 Year,11816,18933,44800,82400,42,11,27925.26316,49368.42105,
14,Southeastern Oklahoma State University,Oklahoma,OK,Public,4 Year,13720,22360,46700,83900,51,8,27925.26316,49368.42105,
10,University of Central Oklahoma,Oklahoma,OK,Public,4 Year,15458,26346,46900,83300,54,45,27925.26316,49368.42105,
20,Oklahoma Panhandle State University,Oklahoma,OK,Public,4 Year,12889,13828,47700,87900,58,9,27925.26316,49368.42105,
7,Oklahoma City University,Oklahoma,OK,Private,4 Year,39922,39922,49700,87900,57,41,27925.26316,49368.42105,
9,Oral Roberts University,Oklahoma,OK,Private,4 Year,37178,37178,50200,89900,52,19,27925.26316,49368.42105,
16,Northeastern State University,Oklahoma,OK,Public,4 Year,14288,22358,50400,92900,45,9,27925.26316,49368.42105,
19,Oklahoma Baptist University,Oklahoma,OK,Private,4 Year,35608,35608,51300,99200,46,21,27925.26316,49368.42105,
1,University of Tulsa,Oklahoma,OK,Private,4 Year,52625,52625,51800,92500,52,21,27925.26316,49368.42105,
22,Rogers State University,Oklahoma,OK,Public,4 Year,15486,23826,52900,92700,48,12,27925.26316,49368.42105,
13,Southern Nazarene University,Oklahoma,OK,Private,4 Year,33684,33684,59700,110400,46,22,27925.26316,49368.42105,
23,University of Science and Arts of Oklahoma,Oklahoma,OK,Public,4 Year,13565,23915,60600,109900,52,6,27925.26316,49368.42105,
21,Mid-America Christian University,Oklahoma,OK,Private,4 Year,26370,26370,65000,116300,47,81,27925.26316,49368.42105,
3,University of Portland,Oregon,OR,Private,4 Year,59354,59354,39000,70700,74,11,45019.36842,51173.68421,
20,Western Oregon University,Oregon,OR,Public,4 Year,19955,36830,41700,76700,75,4,45019.36842,51173.68421,
17,Northwest Christian University,Oregon,OR,Private,4 Year,39350,39350,42300,77700,56,7,45019.36842,51173.68421,
21,Corban University,Oregon,OR,Private,4 Year,43268,43268,42500,77300,63,1,45019.36842,51173.68421,
23,Eastern Oregon University,Oregon,OR,Public,4 Year,18719,30779,44000,73900,56,5,45019.36842,51173.68421,
1,Oregon Health & Science University,Oregon,OR,Public,4 Year,19176,33666,45900,85100,59,8,45019.36842,51173.68421,
8,Pacific University,Oregon,OR,Private,4 Year,56826,56826,46300,85000,NA,0,45019.36842,51173.68421,
3,Reed College,Oregon,OR,Private,4 Year,70550,70550,47000,86100,50,23,45019.36842,51173.68421,
16,Southern Oregon University,Oregon,OR,Public,4 Year,22853,38783,47400,83400,49,8,45019.36842,51173.68421,
19,Marylhurst University,Oregon,OR,Private,4 Year,20835,20835,49000,84500,40,0,45019.36842,51173.68421,
13,George Fox University,Oregon,OR,Private,4 Year,47270,47270,49600,87000,48,19,45019.36842,51173.68421,
22,Multnomah University,Oregon,OR,Private,4 Year,34770,34770,53400,101900,43,20,45019.36842,51173.68421,
15,Pacific Northwest College of Art,Oregon,OR,Private,4 Year,51110,51110,54500,98100,53,20,45019.36842,51173.68421,
6,Willamette University,Oregon,OR,Private,4 Year,62514,62514,55700,100100,57,13,45019.36842,51173.68421,
10,Lewis & Clark College,Oregon,OR,Private,4 Year,63424,63424,56600,98900,53,21,45019.36842,51173.68421,
5,Oregon State University,Oregon,OR,Public,4 Year,24021,42996,61200,106800,60,27,45019.36842,51173.68421,
12,Portland State University,Oregon,OR,Public,4 Year,19533,37488,63800,117200,47,37,45019.36842,51173.68421,
2,Oregon Institute of Technology,Oregon,OR,Public,4 Year,19045,37114,65400,108300,79,10,45019.36842,51173.68421,
7,University of Oregon,Oregon,OR,Public,4 Year,24861,48441,67000,130500,45,28,45019.36842,51173.68421,
23,University of Scranton,Pennsylvania,PA,Private,4 Year,59714,59714,37300,67400,49,11,62044.05263,53647.36842,
8,University of the Sciences,Pennsylvania,PA,Private,4 Year,40938,40938,42300,74500,58,16,62044.05263,53647.36842,
18,Ursinus College,Pennsylvania,PA,Private,4 Year,64800,64800,44200,78000,56,3,62044.05263,53647.36842,
14,Saint Joseph's University,Pennsylvania,PA,Private,4 Year,59813,59813,46900,84300,60,2,62044.05263,53647.36842,
10,Haverford College,Pennsylvania,PA,Private,4 Year,70994,70994,48600,87100,55,14,62044.05263,53647.36842,
21,Widener University,Pennsylvania,PA,Private,4 Year,60394,60394,48700,87300,57,24,62044.05263,53647.36842,
17,Muhlenberg College,Pennsylvania,PA,Private,4 Year,64360,64360,50200,94100,50,11,62044.05263,53647.36842,
12,Gettysburg College,Pennsylvania,PA,Private,4 Year,67490,67490,50600,90800,47,18,62044.05263,53647.36842,
15,La Salle University,Pennsylvania,PA,Private,4 Year,45640,45640,50600,95400,45,24,62044.05263,53647.36842,
2,Lehigh University,Pennsylvania,PA,Private,4 Year,66530,66530,51500,98800,58,25,62044.05263,53647.36842,
3,University of Pennsylvania,Pennsylvania,PA,Private,4 Year,71200,71200,51800,95800,46,13,62044.05263,53647.36842,
7,Villanova University,Pennsylvania,PA,Private,4 Year,67328,67328,52400,93900,41,4,62044.05263,53647.36842,
24,Grove City College,Pennsylvania,PA,Private,4 Year,27700,27700,53400,96500,49,41,62044.05263,53647.36842,
6,Lafayette College,Pennsylvania,PA,Private,4 Year,68520,68520,55800,104800,40,5,62044.05263,53647.36842,
21,Dickinson College,Pennsylvania,PA,Private,4 Year,68359,68359,55800,100100,46,25,62044.05263,53647.36842,
9,Drexel University,Pennsylvania,PA,Private,4 Year,67358,67358,61700,114800,47,28,62044.05263,53647.36842,
5,Bucknell University,Pennsylvania,PA,Private,4 Year,69754,69754,66700,122900,40,40,62044.05263,53647.36842,
4,Swarthmore College,Pennsylvania,PA,Private,4 Year,68062,68062,74900,140700,53,32,62044.05263,53647.36842,
1,Carnegie Mellon University,Pennsylvania,PA,Private,4 Year,69883,69883,75900,136100,45,66,62044.05263,53647.36842,
7,New England Institute of Technology,Rhode-Island,RI,Private,4 Year,43005,43005,45700,86400,43,24,53916.77778,55122.22222,
8,Roger Williams University,Rhode-Island,RI,Private,4 Year,50412,50412,46000,82900,59,12,53916.77778,55122.22222,
4,Rhode Island School of Design,Rhode-Island,RI,Private,4 Year,64360,64360,47200,83500,52,5,53916.77778,55122.22222,
6,Salve Regina University,Rhode-Island,RI,Private,4 Year,55050,55050,50400,89800,51,12,53916.77778,55122.22222,
3,Providence College,Rhode-Island,RI,Private,4 Year,65090,65090,52600,94900,56,19,53916.77778,55122.22222,
5,University of Rhode Island,Rhode-Island,RI,Public,4 Year,27088,43812,54200,101300,45,21,53916.77778,55122.22222,
2,Bryant University,Rhode-Island,RI,Private,4 Year,59675,59675,60500,108600,37,8,53916.77778,55122.22222,
1,Brown University,Rhode-Island,RI,Private,4 Year,70326,70326,68200,127600,45,43,53916.77778,55122.22222,
9,Rhode Island College,Rhode-Island,RI,Public,4 Year,20758,33521,71300,134100,49,78,53916.77778,55122.22222,
25,Columbia International University,South-Carolina,SC,Private,4 Year,31840,31840,36600,66200,62,0,36858.16667,48916.66667,
24,Benedict College,South-Carolina,SC,Private,4 Year,22800,22800,38100,67500,61,19,36858.16667,48916.66667,
21,Converse College,South-Carolina,SC,Private,4 Year,29620,29620,39000,71000,60,8,36858.16667,48916.66667,
17,Charleston Southern University,South-Carolina,SC,Private,4 Year,35700,35700,42800,76300,65,9,36858.16667,48916.66667,
20,Southern Wesleyan University,South-Carolina,SC,Private,4 Year,34506,34506,42900,78700,63,17,36858.16667,48916.66667,
12,Erskine College,South-Carolina,SC,Private,4 Year,45460,45460,43500,78000,57,28,36858.16667,48916.66667,
13,Coastal Carolina University,South-Carolina,SC,Public,4 Year,20726,35838,44700,77600,48,14,36858.16667,48916.66667,
16,Limestone College,South-Carolina,SC,Private,4 Year,35765,35765,44900,77600,60,5,36858.16667,48916.66667,
8,College of Charleston,South-Carolina,SC,Public,4 Year,24904,44086,47300,85100,44,20,36858.16667,48916.66667,
13,Francis Marion University,South-Carolina,SC,Public,4 Year,19108,29492,48300,82600,55,19,36858.16667,48916.66667,
11,Winthrop University,South-Carolina,SC,Public,4 Year,24902,39158,49700,86800,51,10,36858.16667,48916.66667,
4,Wofford College,South-Carolina,SC,Private,4 Year,56530,56530,52400,105400,61,22,36858.16667,48916.66667,
10,South Carolina State University,South-Carolina,SC,Public,4 Year,20950,31640,52700,98200,51,26,36858.16667,48916.66667,
15,Lander University,South-Carolina,SC,Public,4 Year,20800,30400,53300,101200,57,16,36858.16667,48916.66667,
2,Clemson University,South-Carolina,SC,Public,4 Year,25802,47556,57500,106700,50,39,36858.16667,48916.66667,
6,Presbyterian College,South-Carolina,SC,Private,4 Year,49140,49140,57800,99400,65,22,36858.16667,48916.66667,
19,Newberry College,South-Carolina,SC,Private,4 Year,37090,37090,63100,117700,42,18,36858.16667,48916.66667,
5,Medical University of South Carolina,South-Carolina,SC,Public,4 Year,26826,26826,65900,121800,71,2,36858.16667,48916.66667,
10,Black Hills State University,South-Dakota,SD,Public,4 Year,15711,18756,40400,72600,51,11,25731.2,49920,
9,Dakota Wesleyan University,South-Dakota,SD,Private,4 Year,34650,34650,41800,75700,52,10,25731.2,49920,
1,South Dakota School of Mines and Technology,South-Dakota,SD,Public,4 Year,18219,22461,44500,80800,71,16,25731.2,49920,
4,University of South Dakota,South-Dakota,SD,Public,4 Year,17277,20641,47700,86400,56,17,25731.2,49920,
3,Augustana University,South-Dakota,SD,Private,4 Year,41266,41266,47900,88400,54,18,25731.2,49920,
5,Dakota State University,South-Dakota,SD,Public,4 Year,16149,19122,48400,84300,49,53,25731.2,49920,
7,Northern State University,South-Dakota,SD,Public,4 Year,16527,19500,49000,87400,46,12,25731.2,49920,
6,University of Sioux Falls,South-Dakota,SD,Private,4 Year,25630,25630,56400,99700,42,12,25731.2,49920,
8,Mount Marty College,South-Dakota,SD,Private,4 Year,35262,35262,56600,99700,78,0,25731.2,49920,
2,South Dakota State University,South-Dakota,SD,Public,4 Year,16660,20024,66500,118500,58,92,25731.2,49920,
7,Loras College,Iowa,TN,Private,4 Year,44796,44796,47300,83300,54,9,39359.6,48245,
23,Carson-Newman University,Tennessee,TN,Private,4 Year,36710,36710,42700,76500,61,5,39359.6,48245,
11,Fisk University,Tennessee,TN,Private,4 Year,32270,32270,43000,80600,54,6,39359.6,48245,
22,East Tennessee State University,Tennessee,TN,Public,4 Year,17749,36931,43700,77300,57,8,39359.6,48245,
15,Middle Tennessee State University,Tennessee,TN,Public,4 Year,18642,37800,44000,79800,57,11,39359.6,48245,
20,Austin Peay State University,Tennessee,TN,Public,4 Year,19111,35167,44200,78200,63,10,39359.6,48245,
10,Southern Adventist University,Tennessee,TN,Private,4 Year,28890,28890,45000,80500,53,15,39359.6,48245,
16,Cumberland University,Tennessee,TN,Private,4 Year,32180,32180,45500,81000,61,3,39359.6,48245,
6,Tennessee Technological University,Tennessee,TN,Public,4 Year,18839,35495,47200,78400,68,14,39359.6,48245,
17,Belmont University,Tennessee,TN,Private,4 Year,46430,46430,47300,80900,47,3,39359.6,48245,
20,Freed-Hardeman University,Tennessee,TN,Private,4 Year,30210,30210,47800,85600,52,3,39359.6,48245,
14,Trevecca Nazarene University,Tennessee,TN,Private,4 Year,33998,33998,47900,85600,51,25,39359.6,48245,
19,Tennessee State University,Tennessee,TN,Public,4 Year,15814,29170,48700,90600,59,16,39359.6,48245,
4,Christian Brothers University,Tennessee,TN,Private,4 Year,40220,40220,51500,96500,60,14,39359.6,48245,
24,Maryville College,Tennessee,TN,Private,4 Year,46304,46304,52300,93100,44,15,39359.6,48245,
1,Vanderbilt University,Tennessee,TN,Private,4 Year,66050,66050,53300,98000,52,31,39359.6,48245,
8,University of Memphis,Tennessee,TN,Public,4 Year,19676,31388,54200,98200,49,17,39359.6,48245,
12,Union University,Tennessee,TN,Private,4 Year,43090,43090,54500,93500,61,30,39359.6,48245,
2,Rhodes College,Tennessee,TN,Private,4 Year,59293,59293,55500,100600,39,0,39359.6,48245,
1,Milwaukee School of Engineering,Wisconsin,TN,Private,4 Year,40800,40800,49300,88700,56,24,39359.6,48245,
18,LeTourneau University,Texas,TX,Private,4 Year,40180,40180,46400,86300,54,7,40807.83333,53638.88889,
25,Southwestern University,Texas,TX,Private,4 Year,54000,54000,47900,90800,58,5,40807.83333,53638.88889,
9,University of Houston,Texas,TX,Public,4 Year,22776,38226,48400,86300,69,3,40807.83333,53638.88889,
5,Southern Methodist University,Texas,TX,Private,4 Year,71338,71338,48500,83600,51,6,40807.83333,53638.88889,
17,Prairie View A&M University,Texas,TX,Public,4 Year,19458,33768,50800,90500,48,16,40807.83333,53638.88889,
1,Rice University,Texas,TX,Private,4 Year,61350,61350,51900,97800,46,25,40807.83333,53638.88889,
24,Amberton University,Texas,TX,Private,4 Year,12840,12840,52800,93600,57,0,40807.83333,53638.88889,
19,Texas Christian University,Texas,TX,Private,4 Year,59754,59754,53100,97500,63,53,40807.83333,53638.88889,
20,Texas A&M University-Kingsville,Texas,TX,Public,4 Year,17222,29672,53100,95100,48,28,40807.83333,53638.88889,
13,Lamar University,Texas,TX,Public,4 Year,19112,31562,55000,94100,83,0,40807.83333,53638.88889,
12,Baylor University,Texas,TX,Private,4 Year,58322,58322,55500,101400,49,16,40807.83333,53638.88889,
22,St. Mary's University,Texas,TX,Private,4 Year,40920,40920,55900,101200,NA,0,40807.83333,53638.88889,
7,Texas Tech University,Texas,TX,Public,4 Year,20575,33025,56000,98700,51,9,40807.83333,53638.88889,
23,University of Houston-Clear Lake,Texas,TX,Public,4 Year,8500,24731,56000,103900,50,24,40807.83333,53638.88889,
8,Texas Tech University Health Sciences Center,Texas,TX,Public,4 Year,7911,20361,56800,106500,54,22,40807.83333,53638.88889,
2,The King's University,Texas,TX,Private,4 Year,15000,15000,58200,101800,44,16,40807.83333,53638.88889,
21,University of Dallas,Texas,TX,Private,4 Year,53052,53052,59100,105200,48,24,40807.83333,53638.88889,
11,Trinity University,Texas,TX,Private,4 Year,56440,56440,60100,110900,49,22,40807.83333,53638.88889,
8,Southern Utah University,Utah,UT,Public,4 Year,13859,27675,40100,71000,76,13,23481.16667,56350,
6,Western Governors University,Utah,UT,Private,4 Year,6670,6670,51700,88100,50,6,23481.16667,56350,
7,Utah Valley University,Utah,UT,Public,4 Year,5726,16296,52400,93900,61,14,23481.16667,56350,
4,Utah State University,Utah,UT,Public,4 Year,13824,27905,54400,101800,42,40,23481.16667,56350,
2,University of Utah,Utah,UT,Public,4 Year,19484,39477,58700,107200,51,36,23481.16667,56350,
3,Weber State University,Utah,UT,Public,4 Year,12110,22864,80800,141800,NA,100,23481.16667,56350,
17,Louisiana College,Louisiana,VA,Public,4 Year,25086,41046,48000,90100,56,14,46016.63636,53481.81818,
14,Old Dominion University,Virginia,VA,Public,4 Year,22492,41392,43300,78700,58,1,46016.63636,53481.81818,
12,Marymount University,Virginia,VA,Private,4 Year,44656,44656,46200,79800,63,0,46016.63636,53481.81818,
10,University of Mary Washington,Virginia,VA,Public,4 Year,23306,38552,46400,79100,64,3,46016.63636,53481.81818,
6,Hampden-Sydney College,Virginia,VA,Private,4 Year,59304,59304,48100,90400,52,5,46016.63636,53481.81818,
20,Roanoke College,Virginia,VA,Private,4 Year,57720,57720,49500,85100,58,41,46016.63636,53481.81818,
2,Virginia Military Institute,Virginia,VA,Public,4 Year,28290,55134,49900,88200,52,18,46016.63636,53481.81818,
25,Ferrum College,Virginia,VA,Private,4 Year,45675,45675,50000,89300,50,8,46016.63636,53481.81818,
9,James Madison University,Virginia,VA,Public,4 Year,22108,38508,50100,90400,66,5,46016.63636,53481.81818,
17,Christopher Newport University,Virginia,VA,Public,4 Year,26214,38680,50800,87200,55,25,46016.63636,53481.81818,
8,George Mason University,Virginia,VA,Public,4 Year,23922,47382,51200,89600,52,8,46016.63636,53481.81818,
19,Randolph College,Virginia,VA,Private,4 Year,53165,53165,51600,95200,41,12,46016.63636,53481.81818,
7,University of Richmond,Virginia,VA,Private,4 Year,64860,64860,54500,99700,50,18,46016.63636,53481.81818,
1,Washington and Lee University,Virginia,VA,Private,4 Year,66380,66380,55600,97600,63,9,46016.63636,53481.81818,
22,Radford University,Virginia,VA,Public,4 Year,20616,32251,55900,97700,46,10,46016.63636,53481.81818,
18,Shenandoah University,Virginia,VA,Private,4 Year,42900,42900,57100,103800,45,8,46016.63636,53481.81818,
11,Jefferson College of Health Sciences,Virginia,VA,Private,4 Year,32756,32756,57400,102600,42,12,46016.63636,53481.81818,
13,Hampton University,Virginia,VA,Private,4 Year,38480,38480,58300,108600,52,20,46016.63636,53481.81818,
5,College of William and Mary,Virginia,VA,Public,4 Year,35636,56937,59000,108900,42,21,46016.63636,53481.81818,
24,Virginia State University,Virginia,VA,Public,4 Year,20264,30784,62700,114000,48,42,46016.63636,53481.81818,
16,Virginia Commonwealth University,Virginia,VA,Public,4 Year,24918,45566,65100,119500,41,23,46016.63636,53481.81818,
4,Virginia Polytechnic Institute and State University,Virginia,VA,Public,4 Year,22554,40238,65900,120600,68,47,46016.63636,53481.81818,
10,Goddard College,Vermont,VT,Private,4 Year,18284,18284,37400,67700,60,3,48296,50591.66667,
11,Castleton University,Vermont,VT,Public,4 Year,22912,38920,41700,76200,52,6,48296,50591.66667,
12,Green Mountain College,Vermont,VT,Private,4 Year,48724,48724,43500,76900,67,3,48296,50591.66667,
9,Southern Vermont College,Vermont,VT,Private,4 Year,36511,36511,46400,84400,65,7,48296,50591.66667,
1,Middlebury College,Vermont,VT,Private,4 Year,69980,69980,46500,81100,52,9,48296,50591.66667,
13,Lyndon State College,Vermont,VT,Public,4 Year,22672,35992,48200,85900,49,21,48296,50591.66667,
6,Bennington College,Vermont,VT,Private,4 Year,69970,69970,48800,90000,50,5,48296,50591.66667,
7,Champlain College,Vermont,VT,Private,4 Year,56364,56364,51100,88400,39,14,48296,50591.66667,
2,University of Vermont,Vermont,VT,Public,4 Year,30738,54978,54800,102600,57,22,48296,50591.66667,
4,Saint Michael's College,Vermont,VT,Private,4 Year,57595,57595,59900,110800,51,5,48296,50591.66667,
3,Norwich University,Vermont,VT,Private,4 Year,53856,53856,63400,115400,46,20,48296,50591.66667,
5,Vermont Technical College,Vermont,VT,Public,4 Year,25706,38378,65400,119100,48,23,48296,50591.66667,
24,Clark College,Washington,WA,Public,2 Year,4287,9718,43500,78400,NA,9,41727.42105,50115.78947,
10,Pacific Lutheran University,Washington,WA,Private,4 Year,52856,52856,44100,80200,58,18,41727.42105,50115.78947,
7,Whitman College,Washington,WA,Private,4 Year,64938,64938,44800,83400,57,5,41727.42105,50115.78947,
9,Western Washington University,Washington,WA,Public,4 Year,19598,35010,44800,81500,47,19,41727.42105,50115.78947,
16,Northwest University,Washington,WA,Private,4 Year,40170,40170,46200,80600,68,7,41727.42105,50115.78947,
6,Seattle Pacific University,Washington,WA,Private,4 Year,54735,54735,46800,80100,34,3,41727.42105,50115.78947,
25,Heritage University,Washington,WA,Private,4 Year,18124,18124,48100,90300,58,33,41727.42105,50115.78947,
22,Bastyr University,Washington,WA,Private,4 Year,33756,33756,48400,86300,NA,0,41727.42105,50115.78947,
21,Cornish College of the Arts,Washington,WA,Private,4 Year,54042,54042,49000,86400,39,0,41727.42105,50115.78947,
20,Eastern Washington University,Washington,WA,Public,4 Year,20116,37237,49500,87500,52,17,41727.42105,50115.78947,
4,Gonzaga University,Washington,WA,Private,4 Year,55154,55154,49800,86900,42,25,41727.42105,50115.78947,
18,Bellevue College,Washington,WA,Public,2 Year,4258,9689,50100,88500,56,14,41727.42105,50115.78947,
14,Central Washington University,Washington,WA,Public,4 Year,19187,34168,52700,93200,47,13,41727.42105,50115.78947,
5,Washington State University,Washington,WA,Public,4 Year,22979,37763,52800,93500,55,21,41727.42105,50115.78947,
1,Seattle University,Washington,WA,Private,4 Year,56898,56898,53600,103400,52,9,41727.42105,50115.78947,
15,Saint Martin's University,Washington,WA,Private,4 Year,48801,48801,54200,95300,56,13,41727.42105,50115.78947,
17,Whitworth University,Washington,WA,Private,4 Year,55136,55136,54600,102600,53,33,41727.42105,50115.78947,
8,University of Puget Sound,Washington,WA,Private,4 Year,62316,62316,58500,104900,52,28,41727.42105,50115.78947,
11,Walla Walla University,Washington,WA,Private,4 Year,32310,32310,60700,114800,44,13,41727.42105,50115.78947,
20,Wisconsin Lutheran College,Wisconsin,WI,Private,4 Year,39915,39915,44300,79700,49,9,36591.14286,49923.80952,
22,Viterbo University,Wisconsin,WI,Private,4 Year,37030,37030,44900,81800,61,14,36591.14286,49923.80952,
16,Carroll University,Wisconsin,WI,Private,4 Year,41402,41402,45600,86500,49,14,36591.14286,49923.80952,
4,University of Wisconsin-Platteville,Wisconsin,WI,Public,4 Year,15151,23001,46000,81400,47,17,36591.14286,49923.80952,
7,University of Wisconsin-Eau Claire,Wisconsin,WI,Public,4 Year,16633,24909,46700,82700,51,9,36591.14286,49923.80952,
20,Cardinal Stritch University,Wisconsin,WI,Private,4 Year,38438,38438,47000,82500,51,2,36591.14286,49923.80952,
11,University of Wisconsin-Stout,Wisconsin,WI,Public,4 Year,16381,24347,47100,81300,52,14,36591.14286,49923.80952,
17,Beloit College,Wisconsin,WI,Private,4 Year,58870,58870,47400,85700,59,24,36591.14286,49923.80952,
24,University of Wisconsin-Parkside,Wisconsin,WI,Public,4 Year,15555,23544,47700,84300,52,10,36591.14286,49923.80952,
18,Carthage College,Wisconsin,WI,Private,4 Year,55540,55540,48900,85400,48,17,36591.14286,49923.80952,
15,Edgewood College,Wisconsin,WI,Private,4 Year,40520,40520,49500,87500,54,5,36591.14286,49923.80952,
3,University of Wisconsin-Madison,Wisconsin,WI,Public,4 Year,21669,47919,49600,88300,53,19,36591.14286,49923.80952,
12,University of Wisconsin-Whitewater,Wisconsin,WI,Public,4 Year,14478,23051,50400,89500,47,14,36591.14286,49923.80952,
19,University of Wisconsin-Oshkosh,Wisconsin,WI,Public,4 Year,16268,23841,50600,90300,50,17,36591.14286,49923.80952,
2,Marquette University,Wisconsin,WI,Private,4 Year,54590,54590,51200,94300,57,45,36591.14286,49923.80952,
10,Ripon College,Wisconsin,WI,Private,4 Year,52208,52208,51600,99000,47,5,36591.14286,49923.80952,
14,University of Wisconsin-La Crosse,Wisconsin,WI,Public,4 Year,15437,24255,52100,93600,46,14,36591.14286,49923.80952,
6,Bellin College,Wisconsin,WI,Private,4 Year,22178,22178,55800,97600,94,0,36591.14286,49923.80952,
25,University of Wisconsin-River Falls,Wisconsin,WI,Public,4 Year,14375,21948,56800,100300,50,38,36591.14286,49923.80952,
9,University of Wisconsin-Milwaukee,Wisconsin,WI,Public,4 Year,21812,33092,57300,104400,48,33,36591.14286,49923.80952,
5,Lawrence University,Wisconsin,WI,Private,4 Year,57816,57816,57900,108400,49,60,36591.14286,49923.80952,
1,West Virginia University Institute of Technology,West-Virginia,WV,Public,4 Year,18854,30038,36700,65200,67,3,29529.67,41866.67,
13,Concord University,West-Virginia,WV,Public,4 Year,16884,26308,41700,75800,53,9,29529.67,41866.67,
2,West Virginia University,West-Virginia,WV,Public,4 Year,19774,35868,41800,76000,46,8,29529.67,41866.67,
12,West Virginia State University,West-Virginia,WV,Public,4 Year,20059,27964,42500,77000,51,6,29529.67,41866.67,
15,Bluefield State College,West-Virginia,WV,Public,4 Year,8820,16920,43200,72800,60,3,29529.67,41866.67,
8,University of Charleston,West-Virginia,WV,Private,4 Year,40080,40080,45300,82900,56,8,29529.67,41866.67,
4,Shepherd University,West-Virginia,WV,Public,4 Year,18048,28548,48700,86600,57,7,29529.67,41866.67,
14,Fairmont State University,West-Virginia,WV,Public,4 Year,16518,25328,53700,98500,42,6,29529.67,41866.67,
16,Ohio Valley University,West-Virginia,WV,Private,4 Year,29880,29880,54400,103900,49,22,29529.67,41866.67,
18,West Virginia University at Parkersburg,West-Virginia,WV,Public,2 Year,6330,10920,54400,99900,52,22,29529.67,41866.67,
7,Wheeling Jesuit University,West-Virginia,WV,Private,4 Year,39190,39190,55000,99300,45,16,29529.67,41866.67,
5,West Virginia Wesleyan College,West-Virginia,WV,Private,4 Year,40496,40496,57100,103700,56,40,29529.67,41866.67,
9,Marshall University,West-Virginia,WV,Public,4 Year,18578,29064,57800,105900,52,25,29529.67,41866.67,
17,Glenville State College,West-Virginia,WV,Public,4 Year,7327,16565,58400,109300,39,24,29529.67,41866.67,
10,West Liberty University,West-Virginia,WV,Public,4 Year,17136,25076,61600,117000,53,21,29529.67,41866.67,
1,University of Wyoming,Wyoming,WY,Public,4 Year,15720,27810,48900,89300,44,8,27810,27810,